{"stats":{"minecraft:mined":{"minecraft:hay_block":12,"minecraft:brown_stained_glass_pane":2,"minecraft:crafting_table":1,"minecraft:grass":4,"minecraft:grass_block":2,"minecraft:oak_log":8,"minecraft:tall_grass":18,"minecraft:sugar_cane":1},"minecraft:picked_up":{"minecraft:crafting_table":1,"minecraft:oak_log":8,"minecraft:dirt":2,"minecraft:arrow":1,"minecraft:wheat_seeds":4,"minecraft:hay_block":12,"swem:alfalfa_seeds":1,"swem:oat_seeds":1,"minecraft:sugar_cane":1},"minecraft:custom":{"minecraft:time_since_rest":28420,"minecraft:sprint_one_cm":59879,"minecraft:damage_taken":600,"minecraft:walk_one_cm":47801,"minecraft:mob_kills":3,"tombstone:raider_killed":2,"minecraft:damage_dealt":495,"minecraft:swim_one_cm":4362,"minecraft:interact_with_crafting_table":3,"minecraft:fly_one_cm":67847,"minecraft:open_chest":3,"minecraft:crouch_one_cm":1306,"minecraft:play_time":28420,"minecraft:sneak_time":604,"minecraft:walk_under_water_one_cm":245,"minecraft:jump":285,"minecraft:leave_game":3,"minecraft:time_since_death":28420,"minecraft:walk_on_water_one_cm":1272,"minecraft:total_world_time":28569,"minecraft:climb_one_cm":220,"minecraft:fall_one_cm":7146},"minecraft:killed":{"minecraft:pillager":1,"minecraft:vindicator":1},"minecraft:used":{"minecraft:grass_block":2,"minecraft:bread":12,"minecraft:oak_planks":16,"minecraft:crafting_table":2},"minecraft:crafted":{"minecraft:oak_planks":32,"minecraft:crafting_table":2,"minecraft:stick":8,"minecraft:bread":36,"minecraft:wheat":108}},"DataVersion":3465}