{"stats":{"minecraft:mined":{"minecraft:smithing_table":1,"minecraft:white_bed":2,"minecraft:brown_stained_glass_pane":2,"minecraft:brewing_stand":1,"minecraft:crafting_table":1,"minecraft:oak_wood":18,"minecraft:grass_block":4,"minecraft:white_stained_glass_pane":2,"minecraft:tall_grass":19,"minecraft:cobblestone":7,"minecraft:sugar_cane":1,"minecraft:hay_block":25,"minecraft:iron_ore":28,"minecraft:wheat":9,"minecraft:yellow_bed":2,"minecraft:grass":6,"minecraft:oak_log":8,"minecraft:bookshelf":28,"minecraft:coal_ore":41,"amendments:wall_lantern":1,"minecraft:lantern":1,"minecraft:stone":27,"minecraft:oak_leaves":1},"minecraft:picked_up":{"minecraft:crafting_table":1,"minecraft:wheat":6,"minecraft:feather":2,"minecraft:chicken":2,"minecraft:oak_log":8,"minecraft:brewing_stand":1,"minecraft:yellow_bed":2,"minecraft:dirt":3,"minecraft:string":1,"minecraft:lantern":2,"minecraft:bone":1,"minecraft:wheat_seeds":20,"minecraft:beef":4,"swem:oat_seeds":1,"minecraft:sugar_cane":1,"minecraft:book":63,"minecraft:raw_iron":28,"minecraft:porkchop":7,"minecraft:white_bed":2,"minecraft:oak_wood":18,"minecraft:arrow":1,"minecraft:rotten_flesh":4,"minecraft:hay_block":25,"swem:alfalfa_seeds":2,"minecraft:spruce_sign":7,"minecraft:coal":41,"minecraft:cobblestone":35},"minecraft:dropped":{"minecraft:iron_ingot":1,"minecraft:sugar_cane":1,"minecraft:feather":2,"minecraft:flower_pot":1,"minecraft:string":1,"swem:oat_seeds":1,"minecraft:bone":1},"minecraft:custom":{"minecraft:mob_kills":13,"tombstone:raider_killed":2,"minecraft:interact_with_crafting_table":7,"minecraft:open_barrel":3,"minecraft:leave_game":3,"minecraft:time_since_death":64420,"minecraft:sleep_in_bed":2,"minecraft:climb_one_cm":3597,"minecraft:time_since_rest":19417,"minecraft:sprint_one_cm":247793,"minecraft:damage_taken":1331,"minecraft:walk_one_cm":137372,"minecraft:drop":7,"minecraft:damage_dealt":2013,"minecraft:swim_one_cm":9840,"minecraft:fly_one_cm":237054,"minecraft:open_chest":43,"minecraft:crouch_one_cm":5405,"minecraft:play_time":64420,"tombstone:undead_killed":2,"minecraft:sneak_time":1602,"minecraft:walk_under_water_one_cm":626,"minecraft:jump":1060,"minecraft:walk_on_water_one_cm":2640,"minecraft:total_world_time":64569,"minecraft:fall_one_cm":25982},"minecraft:killed":{"minecraft:pig":4,"untamedwilds:terror_bird":1,"minecraft:vindicator":1,"minecraft:pillager":1,"minecraft:zombie":2,"minecraft:cow":3},"minecraft:used":{"minecraft:oak_planks":23,"minecraft:wooden_pickaxe":9,"minecraft:iron_sword":18,"minecraft:dirt":3,"minecraft:spyglass":1,"minecraft:crafting_table":3,"minecraft:white_bed":1,"minecraft:lantern":1,"minecraft:grass_block":3,"minecraft:bread":33,"minecraft:iron_pickaxe":100,"minecraft:stone_axe":70,"minecraft:cobblestone":21,"minecraft:yellow_bed":1},"minecraft:crafted":{"minecraft:oak_planks":104,"minecraft:crafting_table":2,"minecraft:wooden_pickaxe":1,"minecraft:stone_axe":1,"minecraft:bread":36,"minecraft:stick":8,"minecraft:iron_pickaxe":1,"minecraft:wheat":108}},"DataVersion":3465}