{"stats":{"minecraft:mined":{"minecraft:tall_grass":1,"minecraft:grass_block":2},"minecraft:picked_up":{"minecraft:arrow":1,"minecraft:dirt":2},"minecraft:custom":{"minecraft:jump":48,"minecraft:time_since_rest":16420,"minecraft:damage_dealt":25,"minecraft:crouch_one_cm":689,"minecraft:leave_game":3,"minecraft:play_time":16420,"minecraft:sprint_one_cm":12407,"minecraft:damage_taken":100,"minecraft:time_since_death":16420,"minecraft:walk_one_cm":13736,"minecraft:sneak_time":126,"minecraft:total_world_time":16569,"minecraft:mob_kills":1,"minecraft:fall_one_cm":418,"minecraft:fly_one_cm":16097},"minecraft:used":{"minecraft:grass_block":2}},"DataVersion":3465}