{"stats":{"minecraft:mined":{"minecraft:dark_oak_planks":9,"minecraft:waxed_cut_copper_slab":2,"minecraft:dark_prismarine":4,"minecraft:red_carpet":1,"minecraft:tuff":10,"minecraft:spruce_planks":19,"minecraft:white_bed":2,"minecraft:brewing_stand":1,"minecraft:grass_block":4,"minecraft:light_gray_bed":4,"minecraft:soul_campfire":1,"minecraft:spruce_leaves":15,"minecraft:spawner":6,"minecraft:large_fern":1,"minecraft:hay_block":26,"minecraft:waxed_oxidized_cut_copper":2,"minecraft:furnace":2,"minecraft:dark_oak_trapdoor":2,"minecraft:iron_ore":44,"minecraft:cobbled_deepslate":8,"minecraft:deepslate_lapis_ore":9,"minecraft:bookshelf":28,"minecraft:deepslate_iron_ore":10,"minecraft:vine":1,"amendments:wall_lantern":5,"minecraft:iron_bars":1,"minecraft:lantern":5,"minecraft:smooth_quartz_stairs":1,"minecraft:bamboo":1,"minecraft:stripped_mangrove_wood":3,"minecraft:stone":158,"minecraft:green_bed":1,"minecraft:smithing_table":1,"minecraft:acacia_leaves":2,"minecraft:red_bed":8,"minecraft:brown_stained_glass_pane":2,"minecraft:crafting_table":4,"minecraft:torch":2,"minecraft:oak_wood":18,"minecraft:calcite":12,"minecraft:white_stained_glass_pane":4,"minecraft:mushroom_stem":2,"minecraft:copper_ore":2,"minecraft:tall_grass":22,"minecraft:cobblestone":17,"minecraft:deepslate_gold_ore":2,"minecraft:sugar_cane":1,"minecraft:diorite":3,"minecraft:wall_torch":1,"minecraft:pink_petals":42,"minecraft:wheat":9,"minecraft:birch_trapdoor":1,"minecraft:spruce_log":13,"minecraft:birch_leaves":9,"creaturecraft:savannah_bush_tall":1,"minecraft:yellow_bed":2,"minecraft:grass":24,"minecraft:oak_log":8,"minecraft:coal_ore":41,"minecraft:gravel":4,"minecraft:cyan_carpet":3,"minecraft:dirt":2,"minecraft:cobweb":5,"minecraft:oak_leaves":5,"minecraft:deepslate":69,"minecraft:fern":1},"minecraft:picked_up":{"minecraft:waxed_oxidized_cut_copper":2,"minecraft:crafting_table":4,"minecraft:wheat":9,"minecraft:stripped_warped_hyphae":2,"minecraft:chainmail_boots":2,"minecraft:chicken":2,"minecraft:leather_leggings":3,"minecraft:lead":1,"creaturecraft:termite_drop":1,"minecraft:brewing_stand":1,"minecraft:iron_axe":1,"minecraft:red_bed":8,"minecraft:string":5,"minecraft:dark_oak_trapdoor":2,"minecraft:waxed_cut_copper_slab":2,"minecraft:soul_soil":1,"minecraft:armor_stand":2,"minecraft:cyan_carpet":13,"minecraft:cobbled_deepslate":75,"minecraft:spruce_planks":18,"minecraft:beef":37,"minecraft:oak_boat":1,"minecraft:calcite":12,"minecraft:sugar_cane":1,"minecraft:smooth_quartz_stairs":1,"minecraft:furnace":2,"minecraft:raw_iron":53,"minecraft:birch_trapdoor":1,"minecraft:torch":5,"minecraft:porkchop":10,"tombstone:grave_dust":4,"minecraft:diorite":3,"minecraft:dark_oak_planks":9,"minecraft:rotten_flesh":25,"minecraft:arrow":17,"minecraft:light_gray_bed":4,"minecraft:hay_block":35,"swem:alfalfa_seeds":12,"mowziesmobs:umvuthana_mask_bliss":1,"minecraft:mutton":3,"minecraft:cobblestone":172,"creaturecraft:sav_grass_short":16,"minecraft:pink_petals":64,"swem:timothy_seeds":14,"minecraft:leather_chestplate":2,"minecraft:feather":15,"minecraft:leather":13,"minecraft:potato":1,"minecraft:tuff":10,"minecraft:oak_log":8,"minecraft:chainmail_chestplate":1,"minecraft:yellow_bed":2,"minecraft:lapis_lazuli":59,"minecraft:dirt":3,"minecraft:lantern":10,"tombstone:gift":1,"minecraft:red_carpet":2,"minecraft:bone":16,"minecraft:gray_carpet":1,"creaturecraft:sav_grass_tall":6,"minecraft:wheat_seeds":23,"minecraft:raw_gold":1,"minecraft:iron_ingot":1,"minecraft:diamond_helmet":1,"minecraft:bamboo":9,"swem:oat_seeds":9,"mowziesmobs:umvuthana_mask_misery":2,"minecraft:book":63,"minecraft:gravel":4,"minecraft:spruce_sapling":2,"minecraft:white_bed":2,"minecraft:spruce_log":12,"minecraft:dark_prismarine":4,"minecraft:oak_wood":18,"creaturecraft:buff_grass":6,"creaturecraft:savannah_bush_tall":4,"minecraft:iron_helmet":1,"minecraft:crossbow":1,"minecraft:spruce_sign":7,"minecraft:emerald":2,"minecraft:bread":45,"minecraft:coal":55},"minecraft:dropped":{"minecraft:iron_ingot":1,"minecraft:iron_helmet":2,"minecraft:feather":2,"minecraft:leather":4,"minecraft:red_carpet":1,"creaturecraft:termite_drop":1,"minecraft:paper":1,"minecraft:string":5,"swem:oat_seeds":1,"minecraft:bone":3,"minecraft:sugar_cane":1,"minecraft:oak_planks":8,"minecraft:chainmail_chestplate":1,"minecraft:leather_chestplate":2,"minecraft:hay_block":9,"minecraft:flower_pot":1,"minecraft:oak_boat":1,"minecraft:chainmail_boots":2,"minecraft:leather_leggings":3,"minecraft:arrow":1},"minecraft:custom":{"minecraft:mob_kills":93,"minecraft:interact_with_crafting_table":26,"minecraft:open_barrel":24,"minecraft:damage_dealt_resisted":93,"minecraft:eat_cake_slice":1,"minecraft:leave_game":5,"minecraft:time_since_death":70852,"minecraft:climb_one_cm":13130,"minecraft:sprint_one_cm":851157,"minecraft:walk_one_cm":495692,"minecraft:damage_blocked_by_shield":1290,"minecraft:drop":27,"minecraft:play_time":221730,"minecraft:sneak_time":3158,"minecraft:deaths":5,"minecraft:walk_under_water_one_cm":21327,"minecraft:interact_with_brewingstand":1,"minecraft:jump":4811,"minecraft:walk_on_water_one_cm":33797,"minecraft:total_world_time":221879,"minecraft:interact_with_furnace":29,"tombstone:raider_killed":6,"minecraft:interact_with_cartography_table":1,"minecraft:sleep_in_bed":14,"minecraft:time_since_rest":4061,"minecraft:damage_taken":7394,"minecraft:damage_absorbed":40,"minecraft:damage_dealt":17871,"minecraft:swim_one_cm":21529,"minecraft:fly_one_cm":1030419,"minecraft:open_chest":114,"minecraft:crouch_one_cm":10656,"tombstone:undead_killed":36,"minecraft:fall_one_cm":137470},"minecraft:broken":{"minecraft:shield":1,"minecraft:stone_axe":1,"minecraft:iron_pickaxe":1},"minecraft:killed_by":{"minecraft:husk":4,"mowziesmobs:umvuthi":1},"minecraft:killed":{"minecraft:cave_spider":1,"minecraft:vindicator":2,"minecraft:skeleton":16,"mowziesmobs:umvuthana_crane":5,"minecraft:piglin_brute":6,"mowziesmobs:umvuthana":11,"minecraft:husk":13,"minecraft:pig":6,"untamedwilds:terror_bird":1,"minecraft:frog":1,"minecraft:sheep":6,"minecraft:pillager":4,"minecraft:zombie":7,"minecraft:cow":12},"minecraft:used":{"mowziesmobs:umvuthana_mask_fear":1,"minecraft:spruce_planks":44,"minecraft:shield":53,"minecraft:iron_sword":420,"minecraft:torch":8,"minecraft:dirt":3,"minecraft:spyglass":5,"minecraft:tuff":10,"minecraft:lantern":10,"minecraft:grass_block":3,"minecraft:iron_helmet":2,"minecraft:bow":4,"minecraft:furnace":2,"minecraft:cobbled_deepslate":68,"minecraft:light_gray_bed":3,"minecraft:iron_leggings":1,"minecraft:calcite":5,"minecraft:water_bucket":89,"minecraft:oak_planks":57,"minecraft:wooden_pickaxe":9,"minecraft:golden_apple":1,"minecraft:red_bed":8,"minecraft:crafting_table":8,"minecraft:white_bed":2,"minecraft:bread":137,"minecraft:iron_pickaxe":418,"minecraft:stone_axe":122,"minecraft:cobblestone":144,"minecraft:cooked_porkchop":2,"minecraft:bucket":90,"minecraft:yellow_bed":2,"minecraft:cobweb":4},"minecraft:crafted":{"minecraft:oak_planks":104,"minecraft:furnace":2,"minecraft:iron_boots":1,"minecraft:iron_axe":1,"minecraft:wheat":276,"minecraft:crafting_table":4,"minecraft:spruce_planks":48,"minecraft:wooden_pickaxe":1,"minecraft:iron_helmet":1,"sophisticatedbackpacks:gold_backpack":1,"minecraft:bucket":1,"minecraft:stone_axe":1,"minecraft:air":0,"minecraft:bread":100,"minecraft:iron_chestplate":1,"minecraft:shield":1,"minecraft:stick":12,"minecraft:iron_ingot":28,"minecraft:iron_pickaxe":2,"minecraft:iron_leggings":1}},"DataVersion":3465}