{"stats":{"minecraft:mined":{"minecraft:dark_oak_planks":3,"minecraft:dark_prismarine":4,"minecraft:red_carpet":1,"minecraft:tuff":10,"minecraft:spruce_planks":19,"minecraft:white_bed":2,"minecraft:brewing_stand":1,"minecraft:grass_block":4,"minecraft:soul_campfire":1,"minecraft:spawner":2,"minecraft:hay_block":26,"minecraft:waxed_oxidized_cut_copper":2,"minecraft:furnace":2,"minecraft:iron_ore":44,"minecraft:cobbled_deepslate":8,"minecraft:deepslate_lapis_ore":9,"minecraft:bookshelf":28,"minecraft:deepslate_iron_ore":10,"minecraft:vine":1,"amendments:wall_lantern":5,"minecraft:lantern":5,"minecraft:bamboo":1,"minecraft:stone":158,"minecraft:green_bed":1,"minecraft:smithing_table":1,"minecraft:acacia_leaves":2,"minecraft:red_bed":8,"minecraft:brown_stained_glass_pane":2,"minecraft:crafting_table":4,"minecraft:oak_wood":18,"minecraft:calcite":5,"minecraft:white_stained_glass_pane":4,"minecraft:tall_grass":20,"minecraft:copper_ore":2,"minecraft:cobblestone":13,"minecraft:deepslate_gold_ore":2,"minecraft:sugar_cane":1,"minecraft:diorite":1,"minecraft:pink_petals":42,"minecraft:wheat":9,"creaturecraft:savannah_bush_tall":1,"minecraft:yellow_bed":2,"minecraft:grass":21,"minecraft:oak_log":8,"minecraft:coal_ore":41,"minecraft:cyan_carpet":1,"minecraft:gravel":4,"minecraft:dirt":2,"minecraft:cobweb":5,"minecraft:oak_leaves":2,"minecraft:deepslate":69},"minecraft:picked_up":{"minecraft:waxed_oxidized_cut_copper":2,"minecraft:crafting_table":4,"minecraft:wheat":9,"minecraft:chicken":2,"minecraft:lead":1,"creaturecraft:termite_drop":1,"minecraft:brewing_stand":1,"minecraft:string":5,"minecraft:red_bed":8,"minecraft:soul_soil":1,"minecraft:iron_axe":1,"minecraft:cyan_carpet":9,"minecraft:cobbled_deepslate":75,"minecraft:spruce_planks":18,"minecraft:beef":11,"minecraft:calcite":5,"minecraft:sugar_cane":1,"minecraft:furnace":2,"minecraft:raw_iron":53,"minecraft:torch":1,"minecraft:porkchop":7,"tombstone:grave_dust":2,"minecraft:diorite":1,"minecraft:dark_oak_planks":2,"minecraft:rotten_flesh":9,"minecraft:arrow":9,"minecraft:hay_block":35,"swem:alfalfa_seeds":11,"mowziesmobs:umvuthana_mask_bliss":1,"minecraft:mutton":1,"minecraft:cobblestone":168,"creaturecraft:sav_grass_short":16,"minecraft:pink_petals":64,"swem:timothy_seeds":12,"minecraft:feather":15,"minecraft:tuff":10,"minecraft:oak_log":8,"minecraft:yellow_bed":2,"minecraft:lapis_lazuli":59,"minecraft:dirt":3,"minecraft:lantern":10,"tombstone:gift":1,"minecraft:red_carpet":2,"minecraft:bone":8,"creaturecraft:sav_grass_tall":6,"minecraft:wheat_seeds":22,"minecraft:raw_gold":1,"minecraft:bamboo":9,"swem:oat_seeds":8,"mowziesmobs:umvuthana_mask_misery":2,"minecraft:book":63,"minecraft:gravel":4,"minecraft:white_bed":2,"minecraft:dark_prismarine":4,"creaturecraft:buff_grass":6,"minecraft:oak_wood":18,"creaturecraft:savannah_bush_tall":4,"minecraft:spruce_sign":7,"minecraft:coal":55},"minecraft:dropped":{"minecraft:iron_ingot":1,"minecraft:feather":2,"minecraft:leather":4,"minecraft:red_carpet":1,"creaturecraft:termite_drop":1,"minecraft:paper":1,"minecraft:string":5,"swem:oat_seeds":1,"minecraft:bone":3,"minecraft:sugar_cane":1,"minecraft:oak_planks":8,"minecraft:hay_block":9,"minecraft:flower_pot":1,"minecraft:arrow":1},"minecraft:custom":{"minecraft:mob_kills":56,"minecraft:interact_with_crafting_table":25,"minecraft:open_barrel":9,"minecraft:damage_dealt_resisted":93,"minecraft:leave_game":4,"minecraft:time_since_death":885,"minecraft:climb_one_cm":6000,"minecraft:sprint_one_cm":638740,"minecraft:walk_one_cm":354861,"minecraft:damage_blocked_by_shield":1290,"minecraft:drop":16,"minecraft:play_time":151763,"minecraft:deaths":5,"minecraft:sneak_time":2607,"minecraft:walk_under_water_one_cm":8699,"minecraft:jump":3169,"minecraft:walk_on_water_one_cm":23960,"minecraft:total_world_time":151912,"minecraft:interact_with_furnace":29,"tombstone:raider_killed":3,"minecraft:interact_with_cartography_table":1,"minecraft:sleep_in_bed":9,"minecraft:time_since_rest":345,"minecraft:damage_taken":5622,"minecraft:damage_absorbed":40,"minecraft:damage_dealt":10771,"minecraft:swim_one_cm":13300,"minecraft:fly_one_cm":671302,"minecraft:open_chest":86,"minecraft:crouch_one_cm":8681,"tombstone:undead_killed":19,"minecraft:fall_one_cm":80385},"minecraft:broken":{"minecraft:shield":1,"minecraft:iron_pickaxe":1},"minecraft:killed_by":{"minecraft:husk":4,"mowziesmobs:umvuthi":1},"minecraft:killed":{"minecraft:cave_spider":1,"minecraft:vindicator":2,"minecraft:skeleton":8,"mowziesmobs:umvuthana_crane":5,"mowziesmobs:umvuthana":11,"minecraft:husk":5,"minecraft:pig":5,"untamedwilds:terror_bird":1,"minecraft:frog":1,"minecraft:sheep":5,"minecraft:pillager":1,"minecraft:zombie":6,"minecraft:cow":3},"minecraft:used":{"mowziesmobs:umvuthana_mask_fear":1,"minecraft:shield":53,"minecraft:iron_sword":224,"minecraft:torch":1,"minecraft:dirt":3,"minecraft:spyglass":3,"minecraft:tuff":10,"minecraft:lantern":10,"minecraft:grass_block":3,"minecraft:iron_helmet":2,"minecraft:furnace":2,"minecraft:cobbled_deepslate":68,"minecraft:iron_leggings":1,"minecraft:calcite":5,"minecraft:water_bucket":53,"minecraft:oak_planks":42,"minecraft:wooden_pickaxe":9,"minecraft:golden_apple":1,"minecraft:crafting_table":8,"minecraft:red_bed":8,"minecraft:white_bed":2,"minecraft:bread":95,"minecraft:iron_pickaxe":393,"minecraft:stone_axe":95,"minecraft:cobblestone":129,"minecraft:cooked_porkchop":2,"minecraft:bucket":54,"minecraft:yellow_bed":2,"minecraft:cobweb":4},"minecraft:crafted":{"minecraft:oak_planks":104,"minecraft:furnace":2,"minecraft:iron_boots":1,"minecraft:wheat":276,"minecraft:crafting_table":4,"minecraft:wooden_pickaxe":1,"minecraft:iron_helmet":1,"sophisticatedbackpacks:gold_backpack":1,"minecraft:bucket":1,"minecraft:stone_axe":1,"minecraft:bread":100,"minecraft:air":0,"minecraft:iron_chestplate":1,"minecraft:shield":1,"minecraft:stick":12,"minecraft:iron_ingot":28,"minecraft:iron_pickaxe":2,"minecraft:iron_leggings":1}},"DataVersion":3465}