{"stats":{"minecraft:mined":{"minecraft:smithing_table":1,"minecraft:tuff":10,"minecraft:white_bed":2,"minecraft:brown_stained_glass_pane":2,"minecraft:brewing_stand":1,"minecraft:crafting_table":3,"minecraft:oak_wood":18,"minecraft:grass_block":4,"minecraft:white_stained_glass_pane":2,"minecraft:copper_ore":2,"minecraft:tall_grass":19,"minecraft:cobblestone":11,"minecraft:deepslate_gold_ore":2,"minecraft:sugar_cane":1,"minecraft:hay_block":25,"minecraft:furnace":2,"minecraft:cobbled_deepslate":8,"minecraft:iron_ore":44,"minecraft:wheat":9,"minecraft:deepslate_lapis_ore":9,"minecraft:yellow_bed":2,"minecraft:grass":6,"minecraft:oak_log":8,"minecraft:bookshelf":28,"minecraft:coal_ore":41,"minecraft:vine":1,"minecraft:deepslate_iron_ore":10,"amendments:wall_lantern":3,"minecraft:lantern":3,"minecraft:gravel":4,"minecraft:dirt":2,"minecraft:stone":158,"minecraft:deepslate":69,"minecraft:oak_leaves":1},"minecraft:picked_up":{"minecraft:crafting_table":3,"minecraft:wheat":6,"minecraft:feather":2,"minecraft:chicken":2,"minecraft:tuff":10,"minecraft:oak_log":8,"minecraft:brewing_stand":1,"minecraft:yellow_bed":2,"minecraft:lapis_lazuli":59,"minecraft:dirt":3,"minecraft:string":1,"minecraft:lantern":6,"minecraft:bone":3,"minecraft:wheat_seeds":20,"minecraft:cobbled_deepslate":75,"minecraft:raw_gold":1,"minecraft:beef":4,"swem:oat_seeds":2,"minecraft:sugar_cane":1,"minecraft:furnace":2,"minecraft:book":63,"minecraft:raw_iron":53,"minecraft:gravel":4,"minecraft:porkchop":7,"tombstone:grave_dust":1,"minecraft:white_bed":2,"minecraft:oak_wood":18,"minecraft:arrow":4,"minecraft:rotten_flesh":4,"minecraft:hay_block":25,"swem:alfalfa_seeds":2,"minecraft:spruce_sign":7,"minecraft:coal":55,"minecraft:cobblestone":167},"minecraft:dropped":{"minecraft:iron_ingot":1,"minecraft:sugar_cane":1,"minecraft:feather":2,"minecraft:flower_pot":1,"minecraft:arrow":1,"minecraft:string":1,"swem:oat_seeds":1,"minecraft:bone":3},"minecraft:custom":{"minecraft:interact_with_furnace":29,"minecraft:mob_kills":21,"tombstone:raider_killed":2,"minecraft:interact_with_crafting_table":22,"minecraft:open_barrel":3,"minecraft:leave_game":3,"minecraft:time_since_death":94420,"minecraft:sleep_in_bed":3,"minecraft:climb_one_cm":3597,"minecraft:time_since_rest":6911,"minecraft:sprint_one_cm":385524,"minecraft:damage_taken":1606,"minecraft:walk_one_cm":208344,"minecraft:drop":9,"minecraft:damage_dealt":3054,"minecraft:swim_one_cm":11076,"minecraft:fly_one_cm":353770,"minecraft:open_chest":43,"minecraft:crouch_one_cm":7731,"minecraft:play_time":94420,"tombstone:undead_killed":5,"minecraft:sneak_time":2195,"minecraft:walk_under_water_one_cm":1956,"minecraft:jump":1860,"minecraft:walk_on_water_one_cm":12878,"minecraft:total_world_time":94569,"minecraft:fall_one_cm":39329},"minecraft:broken":{"minecraft:iron_pickaxe":1},"minecraft:killed":{"minecraft:cave_spider":1,"minecraft:pig":4,"untamedwilds:terror_bird":1,"minecraft:vindicator":1,"minecraft:sheep":4,"minecraft:skeleton":3,"minecraft:pillager":1,"minecraft:zombie":2,"minecraft:cow":3},"minecraft:crafted":{"minecraft:oak_planks":104,"minecraft:crafting_table":3,"minecraft:iron_helmet":1,"minecraft:wooden_pickaxe":1,"minecraft:furnace":2,"minecraft:bucket":1,"minecraft:stone_axe":1,"minecraft:bread":36,"minecraft:air":0,"minecraft:iron_boots":1,"minecraft:iron_chestplate":1,"minecraft:shield":1,"minecraft:stick":12,"minecraft:iron_ingot":28,"minecraft:iron_pickaxe":2,"minecraft:iron_leggings":1,"minecraft:wheat":108},"minecraft:used":{"minecraft:water_bucket":18,"minecraft:oak_planks":42,"minecraft:wooden_pickaxe":9,"minecraft:iron_sword":39,"minecraft:dirt":3,"minecraft:spyglass":1,"minecraft:crafting_table":5,"minecraft:white_bed":1,"minecraft:lantern":5,"minecraft:grass_block":3,"minecraft:bread":46,"minecraft:iron_pickaxe":371,"minecraft:iron_helmet":1,"minecraft:stone_axe":72,"minecraft:cobblestone":92,"minecraft:furnace":2,"minecraft:bucket":19,"minecraft:yellow_bed":2,"minecraft:cobbled_deepslate":68,"minecraft:iron_leggings":1}},"DataVersion":3465}