{"stats":{"minecraft:mined":{"minecraft:dark_oak_planks":9,"minecraft:waxed_cut_copper_slab":2,"minecraft:dark_prismarine":4,"minecraft:red_carpet":1,"minecraft:tuff":10,"minecraft:spruce_planks":19,"minecraft:white_bed":2,"minecraft:brewing_stand":1,"minecraft:grass_block":4,"minecraft:light_gray_bed":2,"minecraft:soul_campfire":1,"minecraft:spruce_leaves":15,"minecraft:spawner":6,"minecraft:large_fern":1,"minecraft:hay_block":26,"minecraft:waxed_oxidized_cut_copper":2,"minecraft:furnace":2,"minecraft:dark_oak_trapdoor":2,"minecraft:iron_ore":44,"minecraft:cobbled_deepslate":8,"minecraft:deepslate_lapis_ore":9,"minecraft:bookshelf":28,"minecraft:deepslate_iron_ore":10,"minecraft:vine":1,"amendments:wall_lantern":5,"minecraft:iron_bars":1,"minecraft:lantern":5,"minecraft:smooth_quartz_stairs":1,"minecraft:bamboo":1,"minecraft:stripped_mangrove_wood":3,"minecraft:stone":158,"minecraft:green_bed":1,"minecraft:smithing_table":1,"minecraft:acacia_leaves":2,"minecraft:red_bed":8,"minecraft:brown_stained_glass_pane":2,"minecraft:crafting_table":4,"minecraft:torch":2,"minecraft:oak_wood":18,"minecraft:calcite":12,"minecraft:white_stained_glass_pane":4,"minecraft:mushroom_stem":2,"minecraft:tall_grass":20,"minecraft:copper_ore":2,"minecraft:cobblestone":17,"minecraft:deepslate_gold_ore":2,"minecraft:sugar_cane":1,"minecraft:diorite":3,"minecraft:wall_torch":1,"minecraft:pink_petals":42,"minecraft:wheat":9,"minecraft:birch_trapdoor":1,"minecraft:spruce_log":13,"minecraft:birch_leaves":9,"creaturecraft:savannah_bush_tall":1,"minecraft:yellow_bed":2,"minecraft:grass":21,"minecraft:oak_log":8,"minecraft:coal_ore":41,"minecraft:cyan_carpet":3,"minecraft:gravel":4,"minecraft:dirt":2,"minecraft:cobweb":5,"minecraft:oak_leaves":2,"minecraft:deepslate":69},"minecraft:picked_up":{"minecraft:waxed_oxidized_cut_copper":2,"minecraft:crafting_table":4,"minecraft:stripped_warped_hyphae":2,"minecraft:wheat":9,"minecraft:chainmail_boots":2,"minecraft:chicken":2,"minecraft:leather_leggings":3,"minecraft:lead":1,"creaturecraft:termite_drop":1,"minecraft:brewing_stand":1,"minecraft:waxed_cut_copper_slab":2,"minecraft:dark_oak_trapdoor":2,"minecraft:string":5,"minecraft:red_bed":8,"minecraft:soul_soil":1,"minecraft:iron_axe":1,"minecraft:armor_stand":2,"minecraft:cyan_carpet":13,"minecraft:cobbled_deepslate":75,"minecraft:spruce_planks":18,"minecraft:beef":35,"minecraft:oak_boat":1,"minecraft:calcite":12,"minecraft:sugar_cane":1,"minecraft:smooth_quartz_stairs":1,"minecraft:furnace":2,"minecraft:raw_iron":53,"minecraft:birch_trapdoor":1,"minecraft:torch":5,"minecraft:porkchop":7,"tombstone:grave_dust":4,"minecraft:diorite":3,"minecraft:dark_oak_planks":9,"minecraft:light_gray_bed":2,"minecraft:rotten_flesh":25,"minecraft:arrow":17,"minecraft:hay_block":35,"swem:alfalfa_seeds":12,"mowziesmobs:umvuthana_mask_bliss":1,"minecraft:mutton":3,"minecraft:cobblestone":172,"creaturecraft:sav_grass_short":16,"minecraft:pink_petals":64,"swem:timothy_seeds":12,"minecraft:leather_chestplate":2,"minecraft:feather":15,"minecraft:leather":12,"minecraft:potato":1,"minecraft:tuff":10,"minecraft:oak_log":8,"minecraft:chainmail_chestplate":1,"minecraft:yellow_bed":2,"minecraft:lapis_lazuli":59,"minecraft:dirt":3,"minecraft:lantern":10,"tombstone:gift":1,"minecraft:red_carpet":2,"minecraft:bone":16,"minecraft:gray_carpet":1,"creaturecraft:sav_grass_tall":6,"minecraft:wheat_seeds":22,"minecraft:raw_gold":1,"minecraft:iron_ingot":1,"minecraft:diamond_helmet":1,"minecraft:bamboo":9,"swem:oat_seeds":9,"mowziesmobs:umvuthana_mask_misery":2,"minecraft:book":63,"minecraft:gravel":4,"minecraft:spruce_sapling":2,"minecraft:white_bed":2,"minecraft:spruce_log":12,"minecraft:dark_prismarine":4,"creaturecraft:buff_grass":6,"minecraft:oak_wood":18,"creaturecraft:savannah_bush_tall":4,"minecraft:iron_helmet":1,"minecraft:crossbow":1,"minecraft:spruce_sign":7,"minecraft:emerald":2,"minecraft:bread":45,"minecraft:coal":55},"minecraft:dropped":{"minecraft:iron_ingot":1,"minecraft:iron_helmet":2,"minecraft:feather":2,"minecraft:leather":4,"minecraft:red_carpet":1,"creaturecraft:termite_drop":1,"minecraft:paper":1,"minecraft:string":5,"swem:oat_seeds":1,"minecraft:bone":3,"minecraft:sugar_cane":1,"minecraft:oak_planks":8,"minecraft:chainmail_chestplate":1,"minecraft:leather_chestplate":2,"minecraft:hay_block":9,"minecraft:flower_pot":1,"minecraft:oak_boat":1,"minecraft:chainmail_boots":2,"minecraft:leather_leggings":3,"minecraft:arrow":1},"minecraft:custom":{"minecraft:mob_kills":91,"minecraft:interact_with_crafting_table":26,"minecraft:open_barrel":20,"minecraft:damage_dealt_resisted":93,"minecraft:eat_cake_slice":1,"minecraft:leave_game":4,"minecraft:time_since_death":48885,"minecraft:climb_one_cm":10614,"minecraft:sprint_one_cm":762986,"minecraft:walk_one_cm":468464,"minecraft:damage_blocked_by_shield":1290,"minecraft:drop":27,"minecraft:play_time":199763,"minecraft:deaths":5,"minecraft:sneak_time":3135,"minecraft:walk_under_water_one_cm":18460,"minecraft:interact_with_brewingstand":1,"minecraft:jump":4079,"minecraft:walk_on_water_one_cm":30435,"minecraft:total_world_time":199912,"minecraft:interact_with_furnace":29,"tombstone:raider_killed":6,"minecraft:interact_with_cartography_table":1,"minecraft:sleep_in_bed":12,"minecraft:time_since_rest":7968,"minecraft:damage_taken":7018,"minecraft:damage_absorbed":40,"minecraft:damage_dealt":17591,"minecraft:swim_one_cm":14757,"minecraft:fly_one_cm":847492,"minecraft:open_chest":102,"minecraft:crouch_one_cm":10558,"tombstone:undead_killed":36,"minecraft:fall_one_cm":107761},"minecraft:broken":{"minecraft:shield":1,"minecraft:stone_axe":1,"minecraft:iron_pickaxe":1},"minecraft:killed_by":{"minecraft:husk":4,"mowziesmobs:umvuthi":1},"minecraft:killed":{"minecraft:cave_spider":1,"minecraft:vindicator":2,"minecraft:skeleton":16,"mowziesmobs:umvuthana_crane":5,"minecraft:piglin_brute":6,"mowziesmobs:umvuthana":11,"minecraft:husk":13,"minecraft:pig":5,"untamedwilds:terror_bird":1,"minecraft:frog":1,"minecraft:sheep":6,"minecraft:pillager":4,"minecraft:zombie":7,"minecraft:cow":11},"minecraft:used":{"mowziesmobs:umvuthana_mask_fear":1,"minecraft:spruce_planks":12,"minecraft:shield":53,"minecraft:iron_sword":415,"minecraft:torch":8,"minecraft:dirt":3,"minecraft:spyglass":5,"minecraft:tuff":10,"minecraft:lantern":10,"minecraft:grass_block":3,"minecraft:iron_helmet":2,"minecraft:bow":4,"minecraft:furnace":2,"minecraft:cobbled_deepslate":68,"minecraft:light_gray_bed":1,"minecraft:iron_leggings":1,"minecraft:calcite":5,"minecraft:water_bucket":69,"minecraft:oak_planks":57,"minecraft:wooden_pickaxe":9,"minecraft:golden_apple":1,"minecraft:crafting_table":8,"minecraft:red_bed":8,"minecraft:white_bed":2,"minecraft:bread":125,"minecraft:iron_pickaxe":418,"minecraft:stone_axe":122,"minecraft:cobblestone":144,"minecraft:cooked_porkchop":2,"minecraft:bucket":70,"minecraft:yellow_bed":2,"minecraft:cobweb":4},"minecraft:crafted":{"minecraft:oak_planks":104,"minecraft:furnace":2,"minecraft:iron_boots":1,"minecraft:wheat":276,"minecraft:crafting_table":4,"minecraft:wooden_pickaxe":1,"minecraft:iron_helmet":1,"sophisticatedbackpacks:gold_backpack":1,"minecraft:bucket":1,"minecraft:stone_axe":1,"minecraft:bread":100,"minecraft:air":0,"minecraft:iron_chestplate":1,"minecraft:shield":1,"minecraft:stick":12,"minecraft:iron_ingot":28,"minecraft:iron_pickaxe":2,"minecraft:iron_leggings":1}},"DataVersion":3465}