{"stats":{"minecraft:mined":{"minecraft:smithing_table":1,"minecraft:red_carpet":1,"minecraft:tuff":10,"minecraft:spruce_planks":2,"minecraft:white_bed":2,"minecraft:red_bed":4,"minecraft:brown_stained_glass_pane":2,"minecraft:brewing_stand":1,"minecraft:crafting_table":3,"minecraft:oak_wood":18,"minecraft:grass_block":4,"minecraft:white_stained_glass_pane":2,"minecraft:copper_ore":2,"minecraft:tall_grass":19,"minecraft:cobblestone":11,"minecraft:deepslate_gold_ore":2,"minecraft:sugar_cane":1,"minecraft:hay_block":25,"minecraft:furnace":2,"minecraft:cobbled_deepslate":8,"minecraft:iron_ore":44,"minecraft:wheat":9,"creaturecraft:savannah_bush_tall":1,"minecraft:deepslate_lapis_ore":9,"minecraft:yellow_bed":2,"minecraft:grass":8,"minecraft:oak_log":8,"minecraft:bookshelf":28,"minecraft:coal_ore":41,"minecraft:vine":1,"minecraft:deepslate_iron_ore":10,"amendments:wall_lantern":5,"minecraft:lantern":5,"minecraft:gravel":4,"minecraft:dirt":2,"minecraft:stone":158,"minecraft:green_bed":1,"minecraft:deepslate":69,"minecraft:oak_leaves":1},"minecraft:picked_up":{"creaturecraft:sav_grass_short":5,"swem:timothy_seeds":1,"minecraft:crafting_table":3,"minecraft:wheat":6,"minecraft:feather":5,"minecraft:chicken":2,"minecraft:tuff":10,"minecraft:oak_log":8,"minecraft:brewing_stand":1,"minecraft:yellow_bed":2,"minecraft:lapis_lazuli":59,"minecraft:dirt":3,"minecraft:string":1,"minecraft:red_bed":4,"minecraft:lantern":10,"minecraft:iron_axe":1,"minecraft:red_carpet":2,"minecraft:bone":3,"creaturecraft:sav_grass_tall":2,"minecraft:wheat_seeds":20,"minecraft:cobbled_deepslate":75,"minecraft:raw_gold":1,"minecraft:spruce_planks":1,"minecraft:beef":4,"swem:oat_seeds":3,"minecraft:sugar_cane":1,"mowziesmobs:umvuthana_mask_misery":1,"minecraft:furnace":2,"minecraft:book":63,"minecraft:raw_iron":53,"minecraft:gravel":4,"minecraft:porkchop":7,"tombstone:grave_dust":1,"minecraft:white_bed":2,"creaturecraft:savannah_bush_tall":2,"minecraft:oak_wood":18,"minecraft:arrow":4,"minecraft:rotten_flesh":4,"minecraft:hay_block":25,"swem:alfalfa_seeds":5,"mowziesmobs:umvuthana_mask_bliss":1,"minecraft:spruce_sign":7,"minecraft:mutton":1,"minecraft:coal":55,"minecraft:cobblestone":167},"minecraft:dropped":{"minecraft:iron_ingot":1,"minecraft:sugar_cane":1,"minecraft:feather":2,"minecraft:red_carpet":1,"minecraft:flower_pot":1,"minecraft:arrow":1,"minecraft:string":1,"swem:oat_seeds":1,"minecraft:bone":3},"minecraft:custom":{"minecraft:interact_with_furnace":29,"minecraft:mob_kills":31,"tombstone:raider_killed":3,"minecraft:interact_with_crafting_table":22,"minecraft:open_barrel":3,"minecraft:damage_dealt_resisted":24,"minecraft:leave_game":3,"minecraft:time_since_death":112420,"minecraft:sleep_in_bed":4,"minecraft:climb_one_cm":5460,"minecraft:time_since_rest":11320,"minecraft:sprint_one_cm":471431,"minecraft:damage_absorbed":40,"minecraft:damage_taken":2490,"minecraft:walk_one_cm":274365,"minecraft:damage_blocked_by_shield":25,"minecraft:drop":10,"minecraft:damage_dealt":4114,"minecraft:swim_one_cm":12606,"minecraft:fly_one_cm":441713,"minecraft:open_chest":73,"minecraft:crouch_one_cm":7744,"minecraft:play_time":112420,"tombstone:undead_killed":5,"minecraft:sneak_time":2237,"minecraft:walk_under_water_one_cm":2114,"minecraft:jump":2198,"minecraft:walk_on_water_one_cm":14298,"minecraft:total_world_time":112569,"minecraft:fall_one_cm":51030},"minecraft:broken":{"minecraft:iron_pickaxe":1},"minecraft:killed":{"minecraft:cave_spider":1,"minecraft:pig":4,"untamedwilds:terror_bird":1,"minecraft:vindicator":2,"minecraft:sheep":5,"minecraft:skeleton":3,"minecraft:pillager":1,"minecraft:zombie":2,"mowziesmobs:umvuthana":7,"minecraft:cow":3},"minecraft:crafted":{"minecraft:oak_planks":104,"minecraft:crafting_table":3,"minecraft:iron_helmet":1,"minecraft:wooden_pickaxe":1,"minecraft:furnace":2,"minecraft:bucket":1,"minecraft:stone_axe":1,"minecraft:bread":36,"minecraft:air":0,"minecraft:iron_boots":1,"minecraft:iron_chestplate":1,"minecraft:shield":1,"minecraft:stick":12,"minecraft:iron_ingot":28,"minecraft:iron_pickaxe":2,"minecraft:iron_leggings":1,"minecraft:wheat":108},"minecraft:used":{"minecraft:water_bucket":23,"mowziesmobs:umvuthana_mask_fear":1,"minecraft:oak_planks":42,"minecraft:shield":1,"minecraft:wooden_pickaxe":9,"minecraft:iron_sword":66,"minecraft:golden_apple":1,"minecraft:dirt":3,"minecraft:spyglass":3,"minecraft:red_bed":4,"minecraft:crafting_table":5,"minecraft:white_bed":2,"minecraft:lantern":10,"minecraft:grass_block":3,"minecraft:bread":61,"minecraft:iron_pickaxe":375,"minecraft:iron_helmet":2,"minecraft:stone_axe":74,"minecraft:cobblestone":92,"minecraft:furnace":2,"minecraft:bucket":24,"minecraft:yellow_bed":2,"minecraft:cobbled_deepslate":68,"minecraft:iron_leggings":1}},"DataVersion":3465}