{"stats":{"minecraft:mined":{"minecraft:white_bed":2,"minecraft:brown_stained_glass_pane":2,"minecraft:brewing_stand":1,"minecraft:crafting_table":1,"minecraft:oak_wood":18,"minecraft:grass_block":4,"minecraft:white_stained_glass_pane":2,"minecraft:tall_grass":19,"minecraft:sugar_cane":1,"minecraft:hay_block":25,"minecraft:wheat":9,"minecraft:yellow_bed":2,"minecraft:grass":6,"minecraft:oak_log":8,"minecraft:bookshelf":24,"minecraft:coal_ore":23,"minecraft:lantern":1,"minecraft:stone":12},"minecraft:picked_up":{"minecraft:crafting_table":1,"minecraft:wheat":6,"minecraft:feather":2,"minecraft:chicken":2,"minecraft:oak_log":8,"minecraft:brewing_stand":1,"minecraft:yellow_bed":2,"minecraft:dirt":3,"minecraft:string":1,"minecraft:lantern":1,"minecraft:bone":1,"minecraft:wheat_seeds":20,"minecraft:beef":4,"swem:oat_seeds":1,"minecraft:sugar_cane":1,"minecraft:book":63,"minecraft:white_bed":2,"minecraft:oak_wood":18,"minecraft:arrow":1,"minecraft:hay_block":25,"swem:alfalfa_seeds":2,"minecraft:spruce_sign":7,"minecraft:coal":23,"minecraft:cobblestone":12},"minecraft:dropped":{"minecraft:iron_ingot":1,"minecraft:sugar_cane":1,"minecraft:feather":2,"minecraft:flower_pot":1,"minecraft:string":1,"swem:oat_seeds":1,"minecraft:bone":1},"minecraft:custom":{"minecraft:mob_kills":7,"tombstone:raider_killed":2,"minecraft:interact_with_crafting_table":7,"minecraft:open_barrel":3,"minecraft:leave_game":3,"minecraft:time_since_death":52420,"minecraft:sleep_in_bed":2,"minecraft:climb_one_cm":2553,"minecraft:time_since_rest":7417,"minecraft:sprint_one_cm":188629,"minecraft:damage_taken":1076,"minecraft:walk_one_cm":102588,"minecraft:drop":7,"minecraft:damage_dealt":1094,"minecraft:swim_one_cm":7251,"minecraft:fly_one_cm":196028,"minecraft:open_chest":36,"minecraft:crouch_one_cm":2339,"minecraft:play_time":52420,"minecraft:sneak_time":936,"minecraft:walk_under_water_one_cm":424,"minecraft:jump":809,"minecraft:walk_on_water_one_cm":1984,"minecraft:total_world_time":52569,"minecraft:fall_one_cm":18856},"minecraft:killed":{"untamedwilds:terror_bird":1,"minecraft:vindicator":1,"minecraft:pillager":1,"minecraft:cow":3},"minecraft:used":{"minecraft:oak_planks":18,"minecraft:wooden_pickaxe":9,"minecraft:dirt":3,"minecraft:spyglass":1,"minecraft:crafting_table":3,"minecraft:white_bed":1,"minecraft:grass_block":3,"minecraft:bread":27,"minecraft:iron_pickaxe":29,"minecraft:stone_axe":66,"minecraft:yellow_bed":1},"minecraft:crafted":{"minecraft:oak_planks":104,"minecraft:crafting_table":2,"minecraft:wooden_pickaxe":1,"minecraft:stone_axe":1,"minecraft:bread":36,"minecraft:stick":8,"minecraft:iron_pickaxe":1,"minecraft:wheat":108}},"DataVersion":3465}