{"stats":{"minecraft:mined":{"minecraft:hay_block":22,"minecraft:white_bed":1,"minecraft:wheat":3,"minecraft:brown_stained_glass_pane":2,"minecraft:yellow_bed":1,"minecraft:crafting_table":1,"minecraft:oak_wood":18,"minecraft:bookshelf":18,"minecraft:grass":4,"minecraft:coal_ore":23,"minecraft:grass_block":3,"minecraft:oak_log":8,"minecraft:lantern":1,"minecraft:tall_grass":18,"minecraft:stone":12,"minecraft:sugar_cane":1},"minecraft:picked_up":{"minecraft:book":54,"minecraft:crafting_table":1,"minecraft:wheat":1,"minecraft:oak_log":8,"minecraft:white_bed":1,"minecraft:yellow_bed":1,"minecraft:string":1,"minecraft:dirt":3,"minecraft:lantern":1,"minecraft:oak_wood":18,"minecraft:arrow":1,"minecraft:wheat_seeds":6,"minecraft:hay_block":22,"swem:alfalfa_seeds":2,"minecraft:spruce_sign":7,"swem:oat_seeds":1,"minecraft:sugar_cane":1,"minecraft:coal":23,"minecraft:cobblestone":12},"minecraft:dropped":{"minecraft:iron_ingot":1},"minecraft:custom":{"minecraft:time_since_rest":10151,"minecraft:sprint_one_cm":117093,"minecraft:damage_taken":636,"minecraft:walk_one_cm":70009,"minecraft:mob_kills":3,"minecraft:drop":1,"tombstone:raider_killed":2,"minecraft:damage_dealt":495,"minecraft:swim_one_cm":7251,"minecraft:interact_with_crafting_table":7,"minecraft:fly_one_cm":124173,"minecraft:open_barrel":3,"minecraft:open_chest":11,"minecraft:crouch_one_cm":1983,"minecraft:play_time":40420,"minecraft:sneak_time":887,"minecraft:walk_under_water_one_cm":424,"minecraft:jump":504,"minecraft:leave_game":3,"minecraft:time_since_death":40420,"minecraft:walk_on_water_one_cm":1984,"minecraft:sleep_in_bed":1,"minecraft:total_world_time":40569,"minecraft:climb_one_cm":220,"minecraft:fall_one_cm":12253},"minecraft:killed":{"minecraft:pillager":1,"minecraft:vindicator":1},"minecraft:used":{"minecraft:grass_block":3,"minecraft:bread":14,"minecraft:iron_pickaxe":28,"minecraft:oak_planks":16,"minecraft:wooden_pickaxe":9,"minecraft:stone_axe":44,"minecraft:dirt":3,"minecraft:crafting_table":3},"minecraft:crafted":{"minecraft:oak_planks":104,"minecraft:crafting_table":2,"minecraft:stick":8,"minecraft:iron_pickaxe":1,"minecraft:wooden_pickaxe":1,"minecraft:stone_axe":1,"minecraft:bread":36,"minecraft:wheat":108}},"DataVersion":3465}