{"stats":{"minecraft:mined":{"minecraft:smithing_table":1,"minecraft:tuff":10,"minecraft:red_carpet":1,"minecraft:acacia_leaves":2,"minecraft:spruce_planks":2,"minecraft:white_bed":2,"minecraft:red_bed":6,"minecraft:brown_stained_glass_pane":2,"minecraft:brewing_stand":1,"minecraft:crafting_table":3,"minecraft:oak_wood":18,"minecraft:grass_block":4,"minecraft:white_stained_glass_pane":2,"minecraft:copper_ore":2,"minecraft:tall_grass":20,"minecraft:cobblestone":11,"minecraft:deepslate_gold_ore":2,"minecraft:sugar_cane":1,"minecraft:hay_block":25,"minecraft:furnace":2,"minecraft:iron_ore":44,"minecraft:cobbled_deepslate":8,"minecraft:wheat":9,"creaturecraft:savannah_bush_tall":1,"minecraft:deepslate_lapis_ore":9,"minecraft:yellow_bed":2,"minecraft:grass":9,"minecraft:bookshelf":28,"minecraft:coal_ore":41,"minecraft:oak_log":8,"minecraft:deepslate_iron_ore":10,"minecraft:vine":1,"amendments:wall_lantern":5,"minecraft:lantern":5,"minecraft:gravel":4,"minecraft:dirt":2,"minecraft:cobweb":1,"minecraft:stone":158,"minecraft:oak_leaves":1,"minecraft:deepslate":69,"minecraft:green_bed":1},"minecraft:picked_up":{"creaturecraft:sav_grass_short":16,"swem:timothy_seeds":11,"minecraft:crafting_table":3,"minecraft:wheat":9,"minecraft:feather":15,"minecraft:chicken":2,"minecraft:lead":1,"creaturecraft:termite_drop":1,"minecraft:tuff":10,"minecraft:oak_log":8,"minecraft:brewing_stand":1,"minecraft:yellow_bed":2,"minecraft:lapis_lazuli":59,"minecraft:dirt":3,"minecraft:string":1,"minecraft:red_bed":6,"minecraft:lantern":10,"tombstone:gift":1,"minecraft:iron_axe":1,"minecraft:red_carpet":2,"minecraft:bone":3,"creaturecraft:sav_grass_tall":6,"minecraft:wheat_seeds":22,"minecraft:cobbled_deepslate":75,"minecraft:raw_gold":1,"minecraft:spruce_planks":1,"minecraft:beef":4,"swem:oat_seeds":8,"minecraft:sugar_cane":1,"mowziesmobs:umvuthana_mask_misery":2,"minecraft:furnace":2,"minecraft:book":63,"minecraft:raw_iron":53,"minecraft:gravel":4,"minecraft:porkchop":7,"tombstone:grave_dust":2,"minecraft:white_bed":2,"minecraft:oak_wood":18,"creaturecraft:buff_grass":6,"minecraft:arrow":4,"minecraft:rotten_flesh":6,"creaturecraft:savannah_bush_tall":4,"minecraft:hay_block":34,"swem:alfalfa_seeds":8,"mowziesmobs:umvuthana_mask_bliss":1,"minecraft:spruce_sign":7,"minecraft:mutton":1,"minecraft:coal":55,"minecraft:cobblestone":167},"minecraft:dropped":{"minecraft:iron_ingot":1,"minecraft:sugar_cane":1,"minecraft:feather":2,"minecraft:red_carpet":1,"creaturecraft:termite_drop":1,"minecraft:hay_block":9,"minecraft:flower_pot":1,"minecraft:arrow":1,"minecraft:paper":1,"minecraft:string":1,"swem:oat_seeds":1,"minecraft:bone":3},"minecraft:custom":{"minecraft:interact_with_furnace":29,"minecraft:mob_kills":44,"tombstone:raider_killed":3,"minecraft:interact_with_crafting_table":24,"minecraft:open_barrel":8,"minecraft:damage_dealt_resisted":93,"minecraft:leave_game":4,"minecraft:time_since_death":6649,"minecraft:sleep_in_bed":8,"minecraft:climb_one_cm":5460,"minecraft:time_since_rest":4522,"minecraft:sprint_one_cm":531930,"minecraft:damage_absorbed":40,"minecraft:damage_taken":3862,"minecraft:walk_one_cm":298962,"minecraft:damage_blocked_by_shield":75,"minecraft:drop":13,"minecraft:damage_dealt":7574,"minecraft:swim_one_cm":12879,"minecraft:fly_one_cm":538023,"minecraft:play_time":127763,"minecraft:open_chest":75,"minecraft:crouch_one_cm":7825,"minecraft:sneak_time":2260,"tombstone:undead_killed":9,"minecraft:deaths":1,"minecraft:walk_under_water_one_cm":6006,"minecraft:jump":2614,"minecraft:walk_on_water_one_cm":19483,"minecraft:fall_one_cm":63578,"minecraft:total_world_time":127912},"minecraft:killed_by":{"mowziesmobs:umvuthi":1},"minecraft:broken":{"minecraft:iron_pickaxe":1},"minecraft:killed":{"minecraft:cave_spider":1,"minecraft:pig":4,"untamedwilds:terror_bird":1,"minecraft:vindicator":2,"minecraft:sheep":5,"minecraft:skeleton":3,"minecraft:pillager":1,"minecraft:zombie":6,"mowziesmobs:umvuthana_crane":5,"mowziesmobs:umvuthana":11,"minecraft:cow":3},"minecraft:crafted":{"minecraft:oak_planks":104,"minecraft:crafting_table":4,"minecraft:iron_helmet":1,"minecraft:wooden_pickaxe":1,"minecraft:furnace":2,"minecraft:bucket":1,"minecraft:stone_axe":1,"minecraft:air":0,"minecraft:bread":100,"minecraft:iron_boots":1,"minecraft:iron_chestplate":1,"minecraft:shield":1,"minecraft:stick":12,"minecraft:iron_ingot":28,"minecraft:iron_pickaxe":2,"minecraft:iron_leggings":1,"minecraft:wheat":276},"minecraft:used":{"minecraft:water_bucket":42,"mowziesmobs:umvuthana_mask_fear":1,"minecraft:oak_planks":42,"minecraft:wooden_pickaxe":9,"minecraft:shield":3,"minecraft:iron_sword":141,"minecraft:golden_apple":1,"minecraft:spyglass":3,"minecraft:dirt":3,"minecraft:red_bed":5,"minecraft:crafting_table":6,"minecraft:white_bed":2,"minecraft:tuff":10,"minecraft:lantern":10,"minecraft:bread":80,"minecraft:grass_block":3,"minecraft:iron_pickaxe":375,"minecraft:iron_helmet":2,"minecraft:cobblestone":114,"minecraft:stone_axe":74,"minecraft:furnace":2,"minecraft:cooked_porkchop":2,"minecraft:bucket":43,"minecraft:yellow_bed":2,"minecraft:cobbled_deepslate":68,"minecraft:iron_leggings":1}},"DataVersion":3465}