{"stats":{"minecraft:mined":{"minecraft:grass":4,"minecraft:spruce_fence":2,"minecraft:oak_log":18,"minecraft:red_bed":1,"minecraft:tall_grass":2,"minecraft:sugar_cane":3,"minecraft:spruce_door":1,"minecraft:oak_planks":1,"minecraft:stripped_oak_wood":1,"minecraft:oak_leaves":1},"minecraft:picked_up":{"swem:timothy_seeds":1,"minecraft:black_candle":1,"minecraft:spruce_fence":2,"minecraft:gray_wool":1,"minecraft:stripped_oak_wood":1,"minecraft:oak_log":18,"swem:oat_seeds":1,"minecraft:sugar_cane":6,"minecraft:mutton":2,"minecraft:oak_planks":1,"minecraft:spruce_door":1,"minecraft:white_wool":1,"minecraft:red_bed":1},"minecraft:custom":{"minecraft:open_barrel":1,"minecraft:time_since_rest":13351,"minecraft:open_chest":10,"minecraft:play_time":13351,"minecraft:sprint_one_cm":40166,"minecraft:damage_taken":410,"minecraft:walk_one_cm":46043,"minecraft:sneak_time":52,"minecraft:walk_under_water_one_cm":1083,"minecraft:mob_kills":2,"minecraft:jump":304,"minecraft:eat_cake_slice":3,"minecraft:damage_dealt":720,"minecraft:time_since_death":13351,"minecraft:walk_on_water_one_cm":1170,"minecraft:total_world_time":13351,"minecraft:climb_one_cm":660,"minecraft:swim_one_cm":6675,"minecraft:fall_one_cm":7803,"minecraft:fly_one_cm":68253},"minecraft:killed":{"minecraft:sheep":2},"minecraft:used":{"minecraft:stone_axe":33,"minecraft:bread":7}},"DataVersion":3465}