{"stats":{"minecraft:mined":{"minecraft:tuff":13,"minecraft:red_bed":1,"minecraft:iron_ore":13,"minecraft:spruce_door":1,"minecraft:stripped_oak_wood":1,"minecraft:torch":1,"minecraft:grass":4,"minecraft:oak_log":18,"minecraft:spruce_fence":2,"minecraft:coal_ore":4,"minecraft:deepslate_iron_ore":2,"minecraft:gravel":1,"minecraft:tall_grass":2,"minecraft:stone":81,"minecraft:sugar_cane":3,"minecraft:oak_planks":1,"minecraft:oak_leaves":1,"minecraft:deepslate":150},"minecraft:picked_up":{"swem:timothy_seeds":1,"minecraft:raw_iron":15,"minecraft:black_candle":1,"minecraft:torch":2,"minecraft:spruce_fence":2,"minecraft:oak_log":18,"minecraft:spruce_door":1,"minecraft:red_bed":1,"minecraft:rotten_flesh":4,"minecraft:cobbled_deepslate":95,"minecraft:gray_wool":1,"minecraft:stripped_oak_wood":1,"minecraft:mutton":2,"swem:oat_seeds":1,"minecraft:sugar_cane":10,"minecraft:oak_planks":1,"minecraft:coal":4,"minecraft:white_wool":1,"minecraft:cobblestone":81},"minecraft:dropped":{"swem:timothy_seeds":1,"minecraft:gray_wool":1,"minecraft:stripped_oak_wood":1,"minecraft:spruce_door":1,"minecraft:white_wool":1,"swem:oat_seeds":1},"minecraft:custom":{"minecraft:time_since_rest":21197,"minecraft:sprint_one_cm":86622,"minecraft:damage_taken":695,"minecraft:walk_one_cm":113063,"minecraft:mob_kills":4,"minecraft:drop":6,"minecraft:damage_dealt":1237,"minecraft:interact_with_crafting_table":6,"minecraft:swim_one_cm":17123,"minecraft:fly_one_cm":132120,"minecraft:open_barrel":1,"minecraft:open_chest":30,"minecraft:play_time":36397,"tombstone:undead_killed":2,"minecraft:sneak_time":79,"minecraft:walk_under_water_one_cm":3104,"minecraft:jump":591,"minecraft:eat_cake_slice":3,"minecraft:leave_game":1,"minecraft:time_since_death":36397,"minecraft:total_world_time":36397,"minecraft:walk_on_water_one_cm":2391,"minecraft:sleep_in_bed":2,"minecraft:climb_one_cm":3201,"minecraft:fall_one_cm":14099},"minecraft:broken":{"minecraft:stone_pickaxe":2},"minecraft:killed":{"minecraft:sheep":2,"minecraft:zombie":2},"minecraft:crafted":{"minecraft:oak_planks":72,"minecraft:crafting_table":3,"minecraft:stick":8,"minecraft:wooden_pickaxe":1,"minecraft:stone_pickaxe":2,"minecraft:torch":4},"minecraft:used":{"minecraft:apple":12,"minecraft:stone_pickaxe":259,"minecraft:bread":7,"minecraft:wooden_pickaxe":8,"minecraft:iron_sword":8,"minecraft:stone_axe":34,"minecraft:torch":3,"minecraft:crafting_table":3,"minecraft:red_bed":1}},"DataVersion":3465}