{"stats":{"minecraft:mined":{"minecraft:deepslate_redstone_ore":1,"minecraft:tuff":31,"minecraft:red_bed":4,"minecraft:deepslate_diamond_ore":12,"minecraft:spruce_door":1,"minecraft:crafting_table":2,"minecraft:torch":1,"minecraft:spruce_fence":2,"minecraft:tall_grass":2,"minecraft:deepslate_gold_ore":5,"minecraft:sugar_cane":3,"minecraft:oak_planks":1,"minecraft:wall_torch":2,"minecraft:furnace":1,"minecraft:iron_ore":13,"minecraft:stripped_oak_wood":1,"minecraft:grass":4,"minecraft:oak_log":18,"minecraft:coal_ore":4,"minecraft:deepslate_iron_ore":3,"minecraft:gravel":6,"minecraft:stone":81,"minecraft:oak_leaves":1,"minecraft:deepslate":387},"minecraft:picked_up":{"minecraft:crafting_table":2,"swem:timothy_seeds":1,"minecraft:flint":3,"minecraft:tuff":18,"minecraft:oak_log":18,"minecraft:red_bed":4,"minecraft:cobbled_deepslate":302,"minecraft:raw_gold":5,"minecraft:iron_ingot":8,"minecraft:stripped_oak_wood":1,"swem:oat_seeds":1,"minecraft:sugar_cane":10,"minecraft:oak_planks":53,"minecraft:furnace":1,"minecraft:stick":2,"minecraft:raw_iron":16,"minecraft:black_candle":1,"minecraft:torch":6,"minecraft:gravel":2,"minecraft:spruce_fence":2,"tombstone:grave_dust":4,"minecraft:redstone":5,"alexsmobs:centipede_leg":2,"minecraft:spruce_door":1,"minecraft:rotten_flesh":9,"minecraft:diamond":12,"minecraft:gray_wool":1,"minecraft:mutton":2,"minecraft:coal":5,"minecraft:white_wool":1,"minecraft:cobblestone":81},"minecraft:dropped":{"minecraft:gravel":2,"alexsmobs:animal_dictionary":1,"minecraft:cobbled_deepslate":66,"minecraft:tuff":18,"minecraft:cobblestone":75,"minecraft:rotten_flesh":8,"minecraft:spruce_door":1,"minecraft:spruce_fence":2,"bossominium:the_bossdexium":1,"minecraft:stick":2,"swem:timothy_seeds":1,"minecraft:gray_wool":1,"minecraft:black_candle":1,"minecraft:map":1,"tombstone:grave_dust":4,"minecraft:wooden_pickaxe":1,"minecraft:stripped_oak_wood":1,"minecraft:white_wool":1,"swem:oat_seeds":1},"minecraft:custom":{"minecraft:interact_with_furnace":5,"minecraft:mob_kills":12,"minecraft:interact_with_crafting_table":17,"minecraft:open_barrel":1,"minecraft:eat_cake_slice":3,"minecraft:leave_game":2,"minecraft:time_since_death":72905,"minecraft:sleep_in_bed":3,"minecraft:climb_one_cm":3201,"minecraft:time_since_rest":4522,"minecraft:sprint_one_cm":128539,"minecraft:damage_taken":986,"minecraft:walk_one_cm":235240,"minecraft:drop":24,"minecraft:damage_dealt":2923,"minecraft:swim_one_cm":17123,"minecraft:fly_one_cm":225673,"minecraft:open_chest":30,"minecraft:crouch_one_cm":3891,"minecraft:play_time":72905,"tombstone:undead_killed":7,"minecraft:sneak_time":1211,"minecraft:walk_under_water_one_cm":7666,"minecraft:jump":1278,"minecraft:walk_on_water_one_cm":30079,"minecraft:total_world_time":72905,"minecraft:fall_one_cm":18856},"minecraft:broken":{"minecraft:stone_pickaxe":2,"minecraft:iron_pickaxe":1},"minecraft:killed":{"minecraft:spider":1,"minecraft:sheep":2,"alexsmobs:cockroach":1,"minecraft:zombie":7,"alexsmobs:centipede_head":1},"minecraft:crafted":{"minecraft:oak_planks":72,"minecraft:crafting_table":4,"minecraft:wooden_pickaxe":1,"minecraft:furnace":1,"minecraft:bucket":1,"minecraft:bread":3,"minecraft:air":0,"minecraft:iron_chestplate":1,"minecraft:emerald_block":4,"minecraft:stick":16,"minecraft:iron_ingot":7,"minecraft:iron_pickaxe":2,"minecraft:stone_pickaxe":2,"minecraft:torch":8},"minecraft:used":{"minecraft:water_bucket":41,"minecraft:stone_pickaxe":259,"minecraft:wooden_pickaxe":14,"minecraft:iron_sword":47,"minecraft:iron_chestplate":1,"minecraft:torch":12,"minecraft:red_bed":3,"minecraft:crafting_table":6,"minecraft:apple":20,"minecraft:bread":9,"minecraft:iron_pickaxe":269,"minecraft:stone_axe":37,"minecraft:furnace":2,"minecraft:bucket":42,"minecraft:cobbled_deepslate":62}},"DataVersion":3465}