{"stats":{"minecraft:mined":{"minecraft:deepslate_tiles":2,"minecraft:deepslate_redstone_ore":1,"minecraft:tuff":33,"minecraft:glass_pane":1,"minecraft:red_bed":4,"minecraft:deepslate_diamond_ore":13,"minecraft:sculk_vein":2,"minecraft:spruce_door":1,"minecraft:crafting_table":2,"minecraft:torch":1,"minecraft:spruce_fence":2,"minecraft:chest":3,"minecraft:deepslate_bricks":4,"minecraft:tall_grass":2,"minecraft:deepslate_tile_stairs":1,"minecraft:deepslate_gold_ore":6,"minecraft:sugar_cane":3,"minecraft:oak_planks":1,"minecraft:cracked_deepslate_bricks":1,"minecraft:sculk":15,"minecraft:wall_torch":2,"minecraft:furnace":1,"minecraft:iron_ore":13,"minecraft:cobbled_deepslate":4,"minecraft:stripped_oak_wood":1,"minecraft:grass":4,"minecraft:sculk_shrieker":3,"minecraft:oak_log":18,"minecraft:coal_ore":4,"minecraft:deepslate_iron_ore":16,"minecraft:gravel":9,"minecraft:gray_carpet":1,"minecraft:stone":81,"minecraft:oak_leaves":1,"minecraft:deepslate":408},"minecraft:picked_up":{"minecraft:crafting_table":2,"swem:timothy_seeds":1,"minecraft:flint":4,"minecraft:tuff":20,"minecraft:oak_log":18,"minecraft:red_bed":4,"minecraft:gray_carpet":1,"minecraft:deepslate_tiles":2,"minecraft:cobbled_deepslate":327,"minecraft:raw_gold":6,"minecraft:echo_shard":1,"minecraft:iron_ingot":8,"minecraft:stripped_oak_wood":1,"minecraft:chest":1,"swem:oat_seeds":1,"minecraft:sugar_cane":10,"minecraft:oak_planks":53,"minecraft:furnace":1,"minecraft:stick":2,"minecraft:raw_iron":29,"minecraft:black_candle":1,"minecraft:sculk":5,"minecraft:torch":6,"minecraft:gravel":4,"minecraft:spruce_fence":2,"tombstone:grave_dust":4,"minecraft:redstone":5,"minecraft:deepslate_tile_stairs":1,"minecraft:spruce_door":1,"alexsmobs:centipede_leg":2,"minecraft:rotten_flesh":9,"minecraft:diamond":13,"minecraft:deepslate_bricks":4,"minecraft:cracked_deepslate_bricks":2,"minecraft:gray_wool":1,"minecraft:glow_berries":5,"minecraft:mutton":2,"minecraft:coal":5,"minecraft:white_wool":1,"minecraft:cobblestone":81},"minecraft:dropped":{"minecraft:gravel":4,"alexsmobs:centipede_leg":2,"minecraft:sugar_cane":10,"alexsmobs:animal_dictionary":1,"minecraft:cobbled_deepslate":124,"minecraft:tuff":20,"minecraft:bookshelf":4,"minecraft:cobblestone":75,"minecraft:rotten_flesh":9,"minecraft:spruce_door":1,"minecraft:echo_shard":1,"minecraft:spruce_fence":2,"bossominium:the_bossdexium":1,"minecraft:stick":4,"minecraft:emerald":1,"minecraft:deepslate_bricks":4,"minecraft:deepslate_tile_stairs":1,"swem:timothy_seeds":1,"minecraft:deepslate_tiles":2,"minecraft:gray_wool":1,"minecraft:black_candle":1,"minecraft:sculk":5,"minecraft:map":1,"tombstone:grave_dust":4,"minecraft:wooden_pickaxe":1,"minecraft:stripped_oak_wood":1,"minecraft:cracked_deepslate_bricks":2,"minecraft:white_wool":1,"minecraft:gray_carpet":1,"swem:oat_seeds":1,"minecraft:redstone":5},"minecraft:custom":{"minecraft:interact_with_furnace":5,"minecraft:mob_kills":12,"minecraft:interact_with_crafting_table":17,"minecraft:open_barrel":1,"minecraft:eat_cake_slice":3,"minecraft:leave_game":4,"minecraft:time_since_death":102367,"minecraft:sleep_in_bed":3,"minecraft:climb_one_cm":3677,"minecraft:time_since_rest":33984,"minecraft:sprint_one_cm":185033,"minecraft:damage_taken":1329,"minecraft:walk_one_cm":298630,"minecraft:drop":43,"minecraft:damage_dealt":2923,"minecraft:swim_one_cm":17123,"minecraft:fly_one_cm":323472,"minecraft:open_chest":39,"minecraft:crouch_one_cm":8911,"minecraft:play_time":102367,"tombstone:undead_killed":7,"minecraft:sneak_time":2717,"minecraft:walk_under_water_one_cm":8983,"minecraft:jump":1798,"minecraft:walk_on_water_one_cm":30507,"minecraft:total_world_time":102367,"minecraft:fall_one_cm":31278},"minecraft:broken":{"minecraft:stone_pickaxe":2,"minecraft:iron_pickaxe":1},"minecraft:killed":{"minecraft:spider":1,"minecraft:sheep":2,"minecraft:zombie":7,"alexsmobs:cockroach":1,"alexsmobs:centipede_head":1},"minecraft:crafted":{"minecraft:oak_planks":72,"minecraft:crafting_table":4,"minecraft:wooden_pickaxe":1,"minecraft:furnace":1,"minecraft:bucket":1,"minecraft:bread":3,"minecraft:air":0,"minecraft:iron_chestplate":1,"minecraft:emerald_block":4,"minecraft:stick":16,"minecraft:iron_ingot":7,"minecraft:iron_pickaxe":2,"minecraft:stone_pickaxe":2,"minecraft:torch":8},"minecraft:used":{"minecraft:water_bucket":41,"minecraft:stone_pickaxe":259,"minecraft:oak_planks":9,"minecraft:wooden_pickaxe":14,"minecraft:iron_sword":47,"minecraft:iron_chestplate":1,"minecraft:torch":14,"minecraft:glow_berries":5,"minecraft:red_bed":4,"minecraft:crafting_table":6,"minecraft:apple":20,"minecraft:bread":16,"minecraft:iron_pickaxe":342,"minecraft:stone_axe":41,"minecraft:furnace":2,"minecraft:bucket":42,"minecraft:potato":13,"minecraft:cobbled_deepslate":173,"minecraft:diamond_leggings":1}},"DataVersion":3465}