{"stats":{"minecraft:mined":{"minecraft:deepslate_redstone_ore":1,"minecraft:tuff":31,"minecraft:red_bed":3,"minecraft:deepslate_diamond_ore":8,"minecraft:spruce_door":1,"minecraft:crafting_table":2,"minecraft:torch":1,"minecraft:spruce_fence":2,"minecraft:tall_grass":2,"minecraft:deepslate_gold_ore":4,"minecraft:oak_planks":1,"minecraft:sugar_cane":3,"minecraft:wall_torch":1,"minecraft:furnace":1,"minecraft:iron_ore":13,"minecraft:stripped_oak_wood":1,"minecraft:grass":4,"minecraft:coal_ore":4,"minecraft:oak_log":18,"minecraft:deepslate_iron_ore":3,"minecraft:gravel":6,"minecraft:stone":81,"minecraft:oak_leaves":1,"minecraft:deepslate":358},"minecraft:picked_up":{"minecraft:crafting_table":2,"swem:timothy_seeds":1,"minecraft:flint":3,"minecraft:tuff":18,"minecraft:oak_log":18,"minecraft:red_bed":3,"minecraft:raw_gold":4,"minecraft:cobbled_deepslate":272,"minecraft:iron_ingot":8,"minecraft:stripped_oak_wood":1,"swem:oat_seeds":1,"minecraft:sugar_cane":10,"minecraft:oak_planks":53,"minecraft:furnace":1,"minecraft:raw_iron":16,"minecraft:black_candle":1,"minecraft:torch":5,"minecraft:gravel":2,"minecraft:spruce_fence":2,"minecraft:redstone":5,"alexsmobs:centipede_leg":2,"minecraft:spruce_door":1,"minecraft:rotten_flesh":8,"minecraft:diamond":8,"minecraft:gray_wool":1,"minecraft:mutton":2,"minecraft:coal":5,"minecraft:white_wool":1,"minecraft:cobblestone":81},"minecraft:dropped":{"minecraft:gravel":2,"alexsmobs:animal_dictionary":1,"minecraft:cobbled_deepslate":66,"minecraft:tuff":16,"minecraft:cobblestone":75,"minecraft:rotten_flesh":8,"minecraft:spruce_door":1,"minecraft:spruce_fence":2,"bossominium:the_bossdexium":1,"minecraft:stick":2,"swem:timothy_seeds":1,"minecraft:gray_wool":1,"minecraft:black_candle":1,"minecraft:map":1,"minecraft:wooden_pickaxe":1,"minecraft:stripped_oak_wood":1,"minecraft:white_wool":1,"swem:oat_seeds":1},"minecraft:custom":{"minecraft:interact_with_furnace":5,"minecraft:mob_kills":5,"minecraft:interact_with_crafting_table":13,"minecraft:open_barrel":1,"minecraft:eat_cake_slice":3,"minecraft:leave_game":2,"minecraft:time_since_death":66444,"minecraft:sleep_in_bed":2,"minecraft:climb_one_cm":3201,"minecraft:time_since_rest":51244,"minecraft:sprint_one_cm":118131,"minecraft:damage_taken":916,"minecraft:walk_one_cm":205473,"minecraft:drop":22,"minecraft:damage_dealt":1597,"minecraft:swim_one_cm":17123,"minecraft:fly_one_cm":200781,"minecraft:open_chest":30,"minecraft:crouch_one_cm":3891,"minecraft:play_time":66444,"tombstone:undead_killed":2,"minecraft:sneak_time":1211,"minecraft:walk_under_water_one_cm":7666,"minecraft:jump":1085,"minecraft:walk_on_water_one_cm":28663,"minecraft:total_world_time":66444,"minecraft:fall_one_cm":17416},"minecraft:broken":{"minecraft:stone_pickaxe":2},"minecraft:killed":{"minecraft:sheep":2,"minecraft:zombie":2,"alexsmobs:centipede_head":1},"minecraft:crafted":{"minecraft:oak_planks":72,"minecraft:crafting_table":4,"minecraft:wooden_pickaxe":1,"minecraft:furnace":1,"minecraft:bucket":1,"minecraft:bread":3,"minecraft:air":0,"minecraft:iron_chestplate":1,"minecraft:emerald_block":4,"minecraft:stick":12,"minecraft:iron_ingot":7,"minecraft:iron_pickaxe":1,"minecraft:stone_pickaxe":2,"minecraft:torch":8},"minecraft:used":{"minecraft:water_bucket":41,"minecraft:stone_pickaxe":259,"minecraft:wooden_pickaxe":14,"minecraft:iron_sword":18,"minecraft:iron_chestplate":1,"minecraft:torch":11,"minecraft:crafting_table":5,"minecraft:red_bed":2,"minecraft:apple":20,"minecraft:bread":8,"minecraft:iron_pickaxe":235,"minecraft:stone_axe":37,"minecraft:furnace":2,"minecraft:bucket":42,"minecraft:cobbled_deepslate":57}},"DataVersion":3465}