{"stats":{"minecraft:mined":{"minecraft:deepslate_tiles":3,"minecraft:tuff":33,"minecraft:deepslate_diamond_ore":14,"minecraft:sculk_vein":2,"minecraft:grass_block":1,"minecraft:spruce_fence":2,"minecraft:deepslate_bricks":4,"minecraft:deepslate_tile_stairs":1,"minecraft:furnace":1,"minecraft:iron_ore":21,"minecraft:cobbled_deepslate":5,"minecraft:smooth_red_sandstone":1,"minecraft:sculk_shrieker":3,"minecraft:deepslate_iron_ore":35,"minecraft:stone":102,"minecraft:deepslate_redstone_ore":1,"minecraft:glass_pane":1,"minecraft:red_bed":4,"minecraft:spruce_door":1,"minecraft:crafting_table":2,"minecraft:torch":2,"minecraft:chest":3,"minecraft:tall_grass":2,"minecraft:deepslate_gold_ore":8,"minecraft:sugar_cane":3,"minecraft:oak_planks":1,"minecraft:cracked_deepslate_bricks":1,"minecraft:sculk":20,"minecraft:wall_torch":5,"minecraft:gray_wool":1,"minecraft:wheat":37,"minecraft:stripped_oak_wood":1,"minecraft:yellow_bed":1,"minecraft:grass":4,"minecraft:oak_log":18,"minecraft:coal_ore":4,"minecraft:gravel":9,"minecraft:dirt":2,"minecraft:gray_carpet":2,"minecraft:oak_leaves":1,"minecraft:deepslate":516},"minecraft:picked_up":{"minecraft:crafting_table":2,"minecraft:wheat":32,"minecraft:enchanted_book":2,"minecraft:red_bed":4,"minecraft:deepslate_tiles":3,"minecraft:cobbled_deepslate":436,"minecraft:echo_shard":1,"minecraft:sugar_cane":10,"minecraft:chest":1,"minecraft:furnace":1,"minecraft:raw_iron":56,"minecraft:stick":4,"minecraft:torch":10,"minecraft:spruce_fence":2,"tombstone:grave_dust":4,"minecraft:redstone":5,"minecraft:deepslate_tile_stairs":1,"alexsmobs:centipede_leg":2,"minecraft:rotten_flesh":9,"minecraft:deepslate_bricks":4,"minecraft:cracked_deepslate_bricks":2,"minecraft:mutton":2,"minecraft:glow_berries":5,"minecraft:white_wool":1,"minecraft:cobblestone":95,"swem:timothy_seeds":1,"minecraft:flint":4,"minecraft:tuff":20,"minecraft:oak_log":18,"minecraft:yellow_bed":1,"minecraft:dirt":9,"minecraft:gray_carpet":2,"minecraft:raw_gold":8,"minecraft:iron_ingot":8,"minecraft:stripped_oak_wood":1,"swem:oat_seeds":1,"minecraft:oak_planks":53,"minecraft:black_candle":1,"minecraft:sculk":5,"minecraft:gravel":4,"minecraft:spruce_door":1,"minecraft:diamond":14,"minecraft:gray_wool":1,"minecraft:coal":5},"minecraft:dropped":{"minecraft:enchanted_book":1,"minecraft:glass_bottle":1,"minecraft:bookshelf":4,"minecraft:cobblestone":89,"minecraft:spruce_door":1,"bossominium:the_bossdexium":1,"minecraft:stick":7,"minecraft:emerald":1,"minecraft:deepslate_tile_stairs":1,"minecraft:dirt":6,"minecraft:gray_wool":1,"minecraft:black_candle":1,"minecraft:sculk":5,"minecraft:map":1,"tombstone:grave_dust":4,"minecraft:stripped_oak_wood":1,"minecraft:white_wool":1,"minecraft:gray_carpet":1,"swem:oat_seeds":1,"minecraft:redstone":5,"minecraft:gravel":4,"alexsmobs:centipede_leg":2,"minecraft:sugar_cane":10,"minecraft:cobbled_deepslate":124,"alexsmobs:animal_dictionary":1,"minecraft:tuff":20,"minecraft:wheat":2,"tombstone:gift":2,"minecraft:rotten_flesh":9,"minecraft:spruce_fence":2,"minecraft:echo_shard":1,"minecraft:deepslate_bricks":4,"swem:timothy_seeds":1,"minecraft:deepslate_tiles":3,"minecraft:chest":1,"minecraft:wooden_pickaxe":1,"minecraft:cracked_deepslate_bricks":2},"minecraft:custom":{"minecraft:mob_kills":13,"minecraft:interact_with_crafting_table":26,"minecraft:open_barrel":1,"minecraft:eat_cake_slice":3,"minecraft:leave_game":6,"minecraft:time_since_death":31252,"minecraft:climb_one_cm":4878,"minecraft:sprint_one_cm":254950,"minecraft:walk_one_cm":380579,"minecraft:drop":60,"minecraft:play_time":140554,"minecraft:deaths":6,"minecraft:sneak_time":3370,"minecraft:walk_under_water_one_cm":13136,"minecraft:jump":2787,"minecraft:walk_on_water_one_cm":37202,"minecraft:total_world_time":140554,"minecraft:interact_with_furnace":11,"minecraft:sleep_in_bed":4,"minecraft:time_since_rest":5733,"minecraft:damage_taken":3268,"minecraft:damage_absorbed":40,"minecraft:damage_dealt":3294,"minecraft:swim_one_cm":17123,"minecraft:fly_one_cm":526520,"minecraft:open_chest":55,"minecraft:crouch_one_cm":10274,"tombstone:undead_killed":8,"minecraft:fall_one_cm":55834},"minecraft:killed_by":{"minecraft:warden":6},"minecraft:broken":{"minecraft:stone_pickaxe":2,"minecraft:iron_pickaxe":2},"minecraft:killed":{"minecraft:spider":1,"minecraft:skeleton":1,"alexsmobs:centipede_head":1,"minecraft:sheep":2,"minecraft:zombie":7,"alexsmobs:cockroach":1},"minecraft:used":{"minecraft:iron_sword":54,"minecraft:sculk":4,"minecraft:iron_chestplate":1,"minecraft:torch":22,"minecraft:furnace":3,"tombstone:gift":2,"minecraft:potato":29,"minecraft:cobbled_deepslate":233,"minecraft:water_bucket":42,"minecraft:stone_pickaxe":259,"minecraft:oak_planks":9,"minecraft:wooden_pickaxe":14,"minecraft:golden_apple":1,"minecraft:glow_berries":5,"minecraft:crafting_table":7,"minecraft:red_bed":4,"minecraft:apple":20,"minecraft:bread":21,"minecraft:iron_pickaxe":512,"minecraft:stone_axe":43,"minecraft:potion":1,"minecraft:bucket":43,"minecraft:diamond_leggings":1},"minecraft:crafted":{"minecraft:oak_planks":72,"minecraft:furnace":2,"minecraft:stone_pickaxe":2,"minecraft:crafting_table":5,"minecraft:wooden_pickaxe":1,"minecraft:iron_helmet":1,"minecraft:bucket":1,"minecraft:bread":13,"minecraft:air":0,"minecraft:iron_chestplate":1,"minecraft:emerald_block":4,"minecraft:stick":20,"minecraft:iron_ingot":32,"minecraft:iron_pickaxe":3,"minecraft:torch":12}},"DataVersion":3465}