{"stats":{"minecraft:mined":{"minecraft:deepslate_tiles":3,"minecraft:deepslate_redstone_ore":1,"minecraft:tuff":33,"minecraft:glass_pane":1,"minecraft:red_bed":4,"minecraft:deepslate_diamond_ore":14,"minecraft:sculk_vein":2,"minecraft:spruce_door":1,"minecraft:crafting_table":2,"minecraft:torch":2,"minecraft:spruce_fence":2,"minecraft:chest":3,"minecraft:deepslate_bricks":4,"minecraft:tall_grass":2,"minecraft:deepslate_tile_stairs":1,"minecraft:deepslate_gold_ore":8,"minecraft:wall_torch":2,"minecraft:oak_planks":1,"minecraft:sugar_cane":3,"minecraft:sculk":20,"minecraft:cracked_deepslate_bricks":1,"minecraft:gray_wool":1,"minecraft:furnace":1,"minecraft:iron_ore":21,"minecraft:cobbled_deepslate":4,"minecraft:stripped_oak_wood":1,"minecraft:smooth_red_sandstone":1,"minecraft:grass":4,"minecraft:sculk_shrieker":3,"minecraft:coal_ore":4,"minecraft:oak_log":18,"minecraft:deepslate_iron_ore":35,"minecraft:gravel":9,"minecraft:dirt":1,"minecraft:gray_carpet":2,"minecraft:stone":102,"minecraft:oak_leaves":1,"minecraft:deepslate":516},"minecraft:picked_up":{"swem:timothy_seeds":1,"minecraft:crafting_table":2,"minecraft:enchanted_book":2,"minecraft:flint":4,"minecraft:tuff":20,"minecraft:oak_log":18,"minecraft:red_bed":4,"minecraft:gray_carpet":2,"minecraft:deepslate_tiles":3,"minecraft:cobbled_deepslate":435,"minecraft:raw_gold":8,"minecraft:iron_ingot":8,"minecraft:echo_shard":1,"minecraft:stripped_oak_wood":1,"swem:oat_seeds":1,"minecraft:sugar_cane":10,"minecraft:chest":1,"minecraft:oak_planks":53,"minecraft:furnace":1,"minecraft:stick":3,"minecraft:raw_iron":56,"minecraft:black_candle":1,"minecraft:sculk":5,"minecraft:torch":7,"minecraft:gravel":4,"minecraft:spruce_fence":2,"tombstone:grave_dust":4,"minecraft:redstone":5,"minecraft:deepslate_tile_stairs":1,"minecraft:spruce_door":1,"alexsmobs:centipede_leg":2,"minecraft:rotten_flesh":9,"minecraft:diamond":14,"minecraft:deepslate_bricks":4,"minecraft:cracked_deepslate_bricks":2,"minecraft:gray_wool":1,"minecraft:glow_berries":5,"minecraft:mutton":2,"minecraft:coal":5,"minecraft:white_wool":1,"minecraft:cobblestone":95},"minecraft:dropped":{"minecraft:enchanted_book":1,"minecraft:gravel":4,"alexsmobs:centipede_leg":2,"minecraft:sugar_cane":10,"alexsmobs:animal_dictionary":1,"minecraft:cobbled_deepslate":124,"minecraft:glass_bottle":1,"minecraft:bookshelf":4,"minecraft:tuff":20,"tombstone:gift":2,"minecraft:cobblestone":79,"minecraft:rotten_flesh":9,"minecraft:spruce_door":1,"minecraft:spruce_fence":2,"minecraft:echo_shard":1,"bossominium:the_bossdexium":1,"minecraft:stick":5,"minecraft:emerald":1,"minecraft:deepslate_bricks":4,"minecraft:deepslate_tile_stairs":1,"swem:timothy_seeds":1,"minecraft:gray_wool":1,"minecraft:deepslate_tiles":3,"minecraft:black_candle":1,"minecraft:sculk":5,"minecraft:map":1,"tombstone:grave_dust":4,"minecraft:wooden_pickaxe":1,"minecraft:stripped_oak_wood":1,"minecraft:cracked_deepslate_bricks":2,"minecraft:white_wool":1,"minecraft:gray_carpet":1,"swem:oat_seeds":1,"minecraft:redstone":5},"minecraft:custom":{"minecraft:interact_with_furnace":8,"minecraft:mob_kills":13,"minecraft:interact_with_crafting_table":20,"minecraft:open_barrel":1,"minecraft:eat_cake_slice":3,"minecraft:leave_game":6,"minecraft:time_since_death":19252,"minecraft:climb_one_cm":3924,"minecraft:sleep_in_bed":3,"minecraft:time_since_rest":19149,"minecraft:sprint_one_cm":216439,"minecraft:damage_taken":3098,"minecraft:walk_one_cm":347038,"minecraft:drop":53,"minecraft:damage_dealt":3294,"minecraft:swim_one_cm":17123,"minecraft:fly_one_cm":428381,"minecraft:open_chest":46,"minecraft:crouch_one_cm":10162,"minecraft:play_time":128554,"tombstone:undead_killed":8,"minecraft:deaths":6,"minecraft:sneak_time":3335,"minecraft:walk_under_water_one_cm":13136,"minecraft:jump":2325,"minecraft:walk_on_water_one_cm":37202,"minecraft:total_world_time":128554,"minecraft:fall_one_cm":39278},"minecraft:killed_by":{"minecraft:warden":6},"minecraft:broken":{"minecraft:stone_pickaxe":2,"minecraft:iron_pickaxe":2},"minecraft:killed":{"minecraft:spider":1,"minecraft:skeleton":1,"minecraft:sheep":2,"alexsmobs:cockroach":1,"minecraft:zombie":7,"alexsmobs:centipede_head":1},"minecraft:crafted":{"minecraft:oak_planks":72,"minecraft:crafting_table":5,"minecraft:wooden_pickaxe":1,"minecraft:furnace":2,"minecraft:bucket":1,"minecraft:bread":3,"minecraft:air":0,"minecraft:iron_chestplate":1,"minecraft:emerald_block":4,"minecraft:stick":20,"minecraft:iron_ingot":24,"minecraft:iron_pickaxe":3,"minecraft:stone_pickaxe":2,"minecraft:torch":12},"minecraft:used":{"minecraft:water_bucket":42,"minecraft:oak_planks":9,"minecraft:stone_pickaxe":259,"minecraft:wooden_pickaxe":14,"minecraft:iron_sword":54,"minecraft:sculk":4,"minecraft:iron_chestplate":1,"minecraft:torch":16,"minecraft:glow_berries":5,"minecraft:red_bed":4,"minecraft:crafting_table":7,"minecraft:apple":20,"minecraft:bread":16,"minecraft:iron_pickaxe":511,"minecraft:stone_axe":41,"minecraft:potion":1,"minecraft:furnace":3,"minecraft:bucket":43,"tombstone:gift":2,"minecraft:diamond_leggings":1,"minecraft:potato":24,"minecraft:cobbled_deepslate":216}},"DataVersion":3465}