{"stats":{"minecraft:mined":{"minecraft:deepslate_redstone_ore":1,"minecraft:tuff":19,"minecraft:red_bed":1,"minecraft:deepslate_diamond_ore":6,"minecraft:spruce_door":1,"minecraft:torch":1,"minecraft:spruce_fence":2,"minecraft:tall_grass":2,"minecraft:oak_planks":1,"minecraft:sugar_cane":3,"minecraft:iron_ore":13,"minecraft:stripped_oak_wood":1,"minecraft:grass":4,"minecraft:coal_ore":4,"minecraft:oak_log":18,"minecraft:deepslate_iron_ore":2,"minecraft:gravel":6,"minecraft:stone":81,"minecraft:oak_leaves":1,"minecraft:deepslate":355},"minecraft:picked_up":{"swem:timothy_seeds":1,"minecraft:flint":3,"minecraft:tuff":5,"minecraft:oak_log":18,"minecraft:red_bed":1,"minecraft:cobbled_deepslate":267,"minecraft:stripped_oak_wood":1,"swem:oat_seeds":1,"minecraft:sugar_cane":10,"minecraft:oak_planks":1,"minecraft:raw_iron":15,"minecraft:black_candle":1,"minecraft:torch":2,"minecraft:gravel":2,"minecraft:spruce_fence":2,"minecraft:redstone":5,"minecraft:spruce_door":1,"minecraft:rotten_flesh":8,"minecraft:diamond":6,"minecraft:gray_wool":1,"minecraft:mutton":2,"minecraft:coal":4,"minecraft:white_wool":1,"minecraft:cobblestone":81},"minecraft:dropped":{"alexsmobs:animal_dictionary":1,"minecraft:rotten_flesh":4,"minecraft:spruce_door":1,"minecraft:spruce_fence":2,"bossominium:the_bossdexium":1,"minecraft:stick":1,"swem:timothy_seeds":1,"minecraft:gray_wool":1,"minecraft:black_candle":1,"minecraft:map":1,"minecraft:stripped_oak_wood":1,"minecraft:white_wool":1,"swem:oat_seeds":1},"minecraft:custom":{"minecraft:interact_with_furnace":4,"minecraft:mob_kills":4,"minecraft:interact_with_crafting_table":9,"minecraft:open_barrel":1,"minecraft:eat_cake_slice":3,"minecraft:leave_game":1,"minecraft:time_since_death":48397,"minecraft:sleep_in_bed":2,"minecraft:climb_one_cm":3201,"minecraft:time_since_rest":33197,"minecraft:sprint_one_cm":90274,"minecraft:damage_taken":735,"minecraft:walk_one_cm":145972,"minecraft:drop":13,"minecraft:damage_dealt":1237,"minecraft:swim_one_cm":17123,"minecraft:fly_one_cm":132931,"minecraft:open_chest":30,"minecraft:crouch_one_cm":152,"minecraft:play_time":48397,"tombstone:undead_killed":2,"minecraft:sneak_time":463,"minecraft:walk_under_water_one_cm":5874,"minecraft:jump":714,"minecraft:walk_on_water_one_cm":11137,"minecraft:total_world_time":48397,"minecraft:fall_one_cm":15206},"minecraft:broken":{"minecraft:stone_pickaxe":2},"minecraft:killed":{"minecraft:sheep":2,"minecraft:zombie":2},"minecraft:used":{"minecraft:stone_pickaxe":259,"minecraft:wooden_pickaxe":14,"minecraft:iron_sword":8,"minecraft:iron_chestplate":1,"minecraft:torch":5,"minecraft:crafting_table":3,"minecraft:red_bed":1,"minecraft:apple":12,"minecraft:bread":7,"minecraft:iron_pickaxe":212,"minecraft:stone_axe":34,"minecraft:furnace":1,"minecraft:cobbled_deepslate":4},"minecraft:crafted":{"minecraft:oak_planks":72,"minecraft:crafting_table":3,"minecraft:wooden_pickaxe":1,"minecraft:furnace":1,"minecraft:air":0,"minecraft:iron_chestplate":1,"minecraft:stick":12,"minecraft:iron_ingot":7,"minecraft:iron_pickaxe":1,"minecraft:stone_pickaxe":2,"minecraft:torch":4}},"DataVersion":3465}