{"stats":{"minecraft:mined":{"minecraft:deepslate_tiles":3,"minecraft:spruce_planks":4,"minecraft:white_bed":1,"minecraft:mossy_cobblestone":12,"minecraft:potted_wither_rose":9,"exoticbirds:nest":1,"minecraft:cobbled_deepslate_slab":1,"minecraft:grass_block":1,"minecraft:decorated_pot":3,"minecraft:green_concrete":2,"minecraft:hopper":2,"minecraft:hay_block":35,"minecraft:iron_ore":6,"minecraft:fire":1,"minecraft:pumpkin":1,"minecraft:anvil":1,"minecraft:gold_block":1,"minecraft:iron_bars":1,"minecraft:lantern":1,"minecraft:player_head":2,"minecraft:green_bed":1,"minecraft:deepslate_tile_slab":1,"minecraft:tall_grass":1,"minecraft:cobblestone":11,"minecraft:skeleton_skull":1,"minecraft:stripped_spruce_wood":1,"minecraft:yellow_bed":1,"minecraft:red_wall_banner":1,"minecraft:grass":7,"minecraft:oak_log":6,"minecraft:zombie_head":1,"minecraft:cobweb":1,"minecraft:chipped_anvil":1,"minecraft:oak_leaves":3,"minecraft:emerald_block":3},"minecraft:picked_up":{"minecraft:anvil":2,"minecraft:flower_pot":2,"minecraft:lead":1,"minecraft:gold_block":1,"minecraft:cooked_rabbit":1,"minecraft:potion":2,"minecraft:wither_rose":9,"minecraft:zombie_head":1,"minecraft:player_head":2,"minecraft:netherite_upgrade_smithing_template":1,"minecraft:stick":2,"minecraft:raw_iron":6,"mowziesmobs:sol_visage":1,"minecraft:green_bed":2,"minecraft:carrot":4,"minecraft:goat_horn":1,"mowziesmobs:umvuthana_mask_faith":1,"minecraft:arrow":6,"minecraft:honey_bottle":1,"minecraft:hay_block":33,"mowziesmobs:umvuthana_mask_bliss":3,"minecraft:gold_ingot":7,"minecraft:skeleton_skull":2,"mowziesmobs:umvuthana_mask_fury":1,"swem:timothy_seeds":2,"minecraft:leather_chestplate":1,"minecraft:feather":1,"minecraft:flint":1,"minecraft:oak_log":17,"minecraft:yellow_bed":1,"minecraft:dirt":4,"minecraft:lantern":1,"tombstone:gift":1,"minecraft:red_carpet":3,"minecraft:chipped_anvil":1,"mowziesmobs:umvuthana_mask_rage":2,"minecraft:wheat_seeds":1,"minecraft:iron_ingot":1,"minecraft:book":2,"minecraft:emerald_block":14,"minecraft:red_banner":2,"minecraft:white_bed":1,"exoticbirds:mystery_egg":2,"creaturecraft:savannah_bush_tall":2,"minecraft:diamond":3,"minecraft:crossbow":1,"minecraft:spruce_sign":4,"minecraft:emerald":42,"minecraft:bread":63,"minecraft:coal":5,"minecraft:hopper":3},"minecraft:dropped":{"minecraft:water_bucket":1,"minecraft:enchanted_book":1,"minecraft:spruce_sign":4,"minecraft:bread":63,"minecraft:wheat_seeds":1,"minecraft:oak_log":10,"minecraft:diamond":3,"minecraft:crossbow":1,"creaturecraft:savannah_bush_tall":2,"minecraft:feather":1,"minecraft:lead":2,"minecraft:coal":11,"minecraft:red_carpet":2,"minecraft:emerald":28,"minecraft:dirt":2,"mowziesmobs:umvuthana_mask_bliss":1,"minecraft:zombie_head":1,"minecraft:chipped_anvil":1,"minecraft:fishing_rod":1,"minecraft:gold_ingot":7,"minecraft:anvil":1,"minecraft:emerald_block":11,"minecraft:player_head":1,"minecraft:cooked_chicken":1,"tombstone:gift":2,"minecraft:red_banner":1,"minecraft:iron_hoe":1,"minecraft:white_bed":1,"minecraft:carrot":4,"swem:timothy_seeds":2,"minecraft:hay_block":6,"minecraft:flower_pot":2,"minecraft:skeleton_skull":1,"minecraft:hopper":1,"minecraft:arrow":2,"minecraft:cooked_rabbit":1},"minecraft:custom":{"minecraft:mob_kills":48,"minecraft:interact_with_anvil":1,"minecraft:inspect_hopper":2,"minecraft:interact_with_crafting_table":11,"minecraft:open_barrel":39,"minecraft:damage_dealt_resisted":218,"minecraft:leave_game":1,"minecraft:time_since_death":5574,"minecraft:climb_one_cm":16392,"minecraft:sprint_one_cm":559703,"minecraft:walk_one_cm":194060,"minecraft:drop":43,"minecraft:damage_dealt_absorbed":40,"minecraft:talked_to_villager":9,"minecraft:play_time":101965,"minecraft:deaths":3,"minecraft:sneak_time":4084,"minecraft:walk_under_water_one_cm":957,"minecraft:jump":3071,"minecraft:interact_with_blast_furnace":6,"minecraft:walk_on_water_one_cm":4517,"minecraft:total_world_time":101965,"tombstone:raider_killed":20,"minecraft:interact_with_grindstone":1,"minecraft:sleep_in_bed":6,"minecraft:time_since_rest":5396,"minecraft:damage_taken":3590,"minecraft:damage_dealt":9053,"minecraft:swim_one_cm":18353,"minecraft:fly_one_cm":759382,"minecraft:open_chest":211,"minecraft:crouch_one_cm":7961,"tombstone:undead_killed":2,"minecraft:interact_with_smoker":1,"minecraft:fall_one_cm":100077},"minecraft:broken":{"mowziesmobs:umvuthana_mask_fury":1},"minecraft:killed_by":{"mowziesmobs:umvuthi":3},"minecraft:killed":{"minecraft:vindicator":5,"creaturecraft:termite":1,"minecraft:chicken":1,"mowziesmobs:umvuthana_crane":11,"mowziesmobs:umvuthana":9,"bountiful_critters:pillbug":1,"minecraft:pillager":15,"minecraft:zombie":2,"exoticbirds:swan":1},"minecraft:crafted":{"minecraft:iron_boots":1,"minecraft:wheat":315,"minecraft:emerald":81,"minecraft:bread":108,"minecraft:air":0,"minecraft:iron_chestplate":1,"minecraft:emerald_block":28,"minecraft:iron_ingot":6,"minecraft:iron_pickaxe":1,"minecraft:iron_leggings":1},"minecraft:used":{"minecraft:iron_sword":229,"minecraft:player_head":1,"minecraft:spyglass":7,"minecraft:hopper":1,"minecraft:carrot":4,"minecraft:honey_bottle":2,"minecraft:iron_axe":8,"minecraft:emerald_block":3,"minecraft:cooked_beef":1,"minecraft:cooked_mutton":1,"minecraft:water_bucket":4,"minecraft:bundle":1,"minecraft:lead":1,"minecraft:green_bed":2,"minecraft:oak_log":2,"minecraft:bread":69,"minecraft:iron_pickaxe":51,"mowziesmobs:sol_visage":1,"mowziesmobs:umvuthana_mask_fury":1,"minecraft:red_banner":1,"minecraft:bucket":4,"minecraft:yellow_bed":1,"minecraft:experience_bottle":1}},"DataVersion":3465}