{"stats":{"minecraft:mined":{"minecraft:spruce_planks":3,"minecraft:white_bed":1,"exoticbirds:nest":1,"minecraft:hopper":1,"minecraft:skeleton_skull":1,"minecraft:hay_block":34,"minecraft:stripped_spruce_wood":1,"minecraft:iron_ore":6,"minecraft:fire":1,"minecraft:pumpkin":1,"minecraft:anvil":1,"minecraft:yellow_bed":1,"minecraft:grass":3,"minecraft:oak_log":6,"minecraft:lantern":1,"minecraft:zombie_head":1,"minecraft:cobweb":1,"minecraft:emerald_block":3},"minecraft:picked_up":{"minecraft:leather_chestplate":1,"minecraft:anvil":2,"minecraft:cooked_rabbit":1,"minecraft:oak_log":17,"minecraft:yellow_bed":1,"minecraft:dirt":4,"minecraft:lantern":1,"minecraft:red_carpet":3,"minecraft:zombie_head":1,"minecraft:wheat_seeds":1,"minecraft:iron_ingot":1,"minecraft:book":2,"minecraft:stick":2,"minecraft:raw_iron":6,"minecraft:emerald_block":14,"minecraft:white_bed":1,"minecraft:carrot":4,"exoticbirds:mystery_egg":2,"minecraft:arrow":4,"minecraft:honey_bottle":1,"minecraft:diamond":3,"minecraft:hay_block":29,"minecraft:spruce_sign":4,"minecraft:gold_ingot":7,"minecraft:emerald":29,"minecraft:coal":5,"minecraft:skeleton_skull":1,"minecraft:hopper":2},"minecraft:dropped":{"minecraft:spruce_sign":4,"minecraft:anvil":1,"minecraft:emerald_block":11,"minecraft:wheat_seeds":1,"minecraft:oak_log":10,"minecraft:diamond":3,"minecraft:carrot":4,"minecraft:coal":5,"minecraft:red_carpet":2,"minecraft:emerald":28,"minecraft:dirt":2,"minecraft:hopper":1,"minecraft:arrow":2,"minecraft:fishing_rod":1,"minecraft:cooked_rabbit":1,"minecraft:gold_ingot":7},"minecraft:custom":{"minecraft:interact_with_anvil":1,"minecraft:mob_kills":2,"tombstone:raider_killed":1,"minecraft:interact_with_crafting_table":8,"minecraft:open_barrel":10,"minecraft:interact_with_grindstone":1,"minecraft:time_since_death":40973,"minecraft:sleep_in_bed":2,"minecraft:climb_one_cm":9962,"minecraft:time_since_rest":19417,"minecraft:sprint_one_cm":233966,"minecraft:damage_taken":509,"minecraft:walk_one_cm":67414,"minecraft:drop":18,"minecraft:damage_dealt":310,"minecraft:swim_one_cm":13464,"minecraft:talked_to_villager":4,"minecraft:fly_one_cm":217524,"minecraft:open_chest":104,"minecraft:crouch_one_cm":3145,"minecraft:play_time":40973,"tombstone:undead_killed":1,"minecraft:sneak_time":2059,"minecraft:walk_under_water_one_cm":449,"minecraft:jump":907,"minecraft:interact_with_blast_furnace":4,"minecraft:walk_on_water_one_cm":1017,"minecraft:interact_with_smoker":1,"minecraft:total_world_time":40973,"minecraft:fall_one_cm":23558},"minecraft:killed":{"minecraft:pillager":1,"minecraft:zombie":1},"minecraft:crafted":{"minecraft:emerald":81,"minecraft:air":0,"minecraft:bread":108,"minecraft:iron_boots":1,"minecraft:iron_chestplate":1,"minecraft:emerald_block":16,"minecraft:iron_ingot":6,"minecraft:iron_pickaxe":1,"minecraft:iron_leggings":1,"minecraft:wheat":315},"minecraft:used":{"minecraft:cooked_mutton":1,"minecraft:water_bucket":1,"minecraft:bundle":1,"minecraft:iron_sword":39,"minecraft:carrot":4,"minecraft:oak_log":2,"minecraft:iron_axe":6,"minecraft:bread":12,"minecraft:iron_pickaxe":12,"minecraft:emerald_block":3,"minecraft:bucket":1,"minecraft:yellow_bed":1,"minecraft:cooked_beef":1,"minecraft:experience_bottle":1}},"DataVersion":3465}