{"stats":{"minecraft:mined":{"minecraft:spruce_planks":2,"minecraft:white_bed":1,"exoticbirds:nest":1,"minecraft:hopper":1,"minecraft:skeleton_skull":1,"minecraft:hay_block":33,"minecraft:stripped_spruce_wood":1,"minecraft:iron_ore":6,"minecraft:fire":1,"minecraft:pumpkin":1,"minecraft:anvil":1,"minecraft:yellow_bed":1,"minecraft:grass":3,"minecraft:oak_log":6,"minecraft:lantern":1,"minecraft:zombie_head":1,"minecraft:cobweb":1,"minecraft:emerald_block":3},"minecraft:picked_up":{"minecraft:anvil":2,"minecraft:cooked_rabbit":1,"minecraft:oak_log":12,"minecraft:yellow_bed":1,"minecraft:dirt":2,"minecraft:lantern":1,"minecraft:red_carpet":3,"minecraft:zombie_head":1,"minecraft:wheat_seeds":1,"minecraft:iron_ingot":1,"minecraft:stick":2,"minecraft:raw_iron":6,"minecraft:emerald_block":14,"minecraft:white_bed":1,"minecraft:carrot":4,"exoticbirds:mystery_egg":2,"minecraft:diamond":3,"minecraft:hay_block":28,"minecraft:spruce_sign":4,"minecraft:gold_ingot":7,"minecraft:emerald":28,"minecraft:coal":5,"minecraft:skeleton_skull":1,"minecraft:hopper":2},"minecraft:dropped":{"minecraft:spruce_sign":4,"minecraft:anvil":1,"minecraft:emerald_block":11,"minecraft:wheat_seeds":1,"minecraft:oak_log":10,"minecraft:diamond":3,"minecraft:carrot":4,"minecraft:coal":5,"minecraft:red_carpet":2,"minecraft:emerald":28,"minecraft:dirt":2,"minecraft:hopper":1,"minecraft:fishing_rod":1,"minecraft:cooked_rabbit":1,"minecraft:gold_ingot":7},"minecraft:custom":{"minecraft:interact_with_anvil":1,"minecraft:mob_kills":1,"minecraft:interact_with_crafting_table":7,"minecraft:open_barrel":7,"minecraft:time_since_death":28973,"minecraft:sleep_in_bed":2,"minecraft:climb_one_cm":8122,"minecraft:time_since_rest":7417,"minecraft:sprint_one_cm":154222,"minecraft:damage_taken":470,"minecraft:walk_one_cm":43502,"minecraft:drop":17,"minecraft:damage_dealt":70,"minecraft:swim_one_cm":10233,"minecraft:talked_to_villager":2,"minecraft:fly_one_cm":142385,"minecraft:open_chest":70,"minecraft:crouch_one_cm":3145,"minecraft:play_time":28973,"tombstone:undead_killed":1,"minecraft:sneak_time":2044,"minecraft:walk_under_water_one_cm":196,"minecraft:jump":617,"minecraft:interact_with_blast_furnace":4,"minecraft:walk_on_water_one_cm":658,"minecraft:interact_with_smoker":1,"minecraft:total_world_time":28973,"minecraft:fall_one_cm":15995},"minecraft:killed":{"minecraft:zombie":1},"minecraft:crafted":{"minecraft:emerald":81,"minecraft:air":0,"minecraft:bread":108,"minecraft:iron_boots":1,"minecraft:iron_chestplate":1,"minecraft:emerald_block":15,"minecraft:iron_ingot":6,"minecraft:iron_pickaxe":1,"minecraft:iron_leggings":1,"minecraft:wheat":315},"minecraft:used":{"minecraft:cooked_mutton":1,"minecraft:water_bucket":1,"minecraft:bundle":1,"minecraft:iron_sword":35,"minecraft:carrot":4,"minecraft:oak_log":2,"minecraft:iron_axe":3,"minecraft:bread":8,"minecraft:iron_pickaxe":12,"minecraft:emerald_block":3,"minecraft:bucket":1,"minecraft:yellow_bed":1,"minecraft:cooked_beef":1}},"DataVersion":3465}