{"stats":{"minecraft:mined":{"minecraft:grass":3,"minecraft:oak_log":6},"minecraft:picked_up":{"minecraft:oak_log":7},"minecraft:custom":{"minecraft:jump":97,"minecraft:time_since_rest":4973,"minecraft:walk_on_water_one_cm":270,"minecraft:crouch_one_cm":1120,"minecraft:sprint_one_cm":17382,"minecraft:play_time":4973,"minecraft:damage_taken":110,"minecraft:time_since_death":4973,"minecraft:walk_one_cm":1768,"minecraft:sneak_time":1063,"minecraft:total_world_time":4973,"minecraft:walk_under_water_one_cm":55,"minecraft:swim_one_cm":7044,"minecraft:fall_one_cm":2345,"minecraft:fly_one_cm":28516}},"DataVersion":3465}