{"stats":{"minecraft:mined":{"minecraft:skeleton_skull":1,"minecraft:hay_block":24,"minecraft:white_bed":1,"exoticbirds:nest":1,"minecraft:yellow_bed":1,"minecraft:grass":3,"minecraft:oak_log":6,"minecraft:lantern":1,"minecraft:zombie_head":1,"minecraft:cobweb":1,"minecraft:emerald_block":3},"minecraft:picked_up":{"minecraft:stick":2,"minecraft:emerald_block":3,"minecraft:oak_log":7,"minecraft:yellow_bed":1,"minecraft:white_bed":1,"exoticbirds:mystery_egg":2,"minecraft:lantern":1,"minecraft:zombie_head":1,"minecraft:wheat_seeds":1,"minecraft:hay_block":24,"minecraft:iron_ingot":1,"minecraft:spruce_sign":4,"minecraft:skeleton_skull":1},"minecraft:dropped":{"minecraft:spruce_sign":4,"minecraft:wheat_seeds":1},"minecraft:custom":{"minecraft:time_since_rest":10151,"minecraft:sprint_one_cm":90328,"minecraft:damage_taken":280,"minecraft:walk_one_cm":21844,"minecraft:drop":2,"minecraft:swim_one_cm":10233,"minecraft:interact_with_crafting_table":3,"minecraft:talked_to_villager":1,"minecraft:fly_one_cm":84140,"minecraft:open_barrel":5,"minecraft:open_chest":29,"minecraft:crouch_one_cm":2055,"minecraft:play_time":16973,"minecraft:sneak_time":1452,"minecraft:walk_under_water_one_cm":196,"minecraft:jump":333,"minecraft:walk_on_water_one_cm":495,"minecraft:time_since_death":16973,"minecraft:sleep_in_bed":1,"minecraft:climb_one_cm":4285,"minecraft:total_world_time":16973,"minecraft:interact_with_smoker":1,"minecraft:fall_one_cm":9309},"minecraft:used":{"minecraft:bread":5,"minecraft:iron_pickaxe":4,"minecraft:iron_sword":24,"minecraft:emerald_block":3,"minecraft:carrot":4,"minecraft:yellow_bed":1},"minecraft:crafted":{"minecraft:emerald":81,"minecraft:emerald_block":11,"minecraft:iron_pickaxe":1,"minecraft:bread":96,"minecraft:wheat":279}},"DataVersion":3465}