{"stats":{"minecraft:mined":{"minecraft:deepslate_tiles":3,"minecraft:spruce_planks":3,"minecraft:white_bed":1,"minecraft:potted_wither_rose":9,"minecraft:mossy_cobblestone":12,"exoticbirds:nest":1,"minecraft:deepslate_tile_slab":1,"minecraft:cobbled_deepslate_slab":1,"minecraft:grass_block":1,"minecraft:decorated_pot":3,"minecraft:cobblestone":11,"minecraft:green_concrete":2,"minecraft:hopper":2,"minecraft:skeleton_skull":1,"minecraft:hay_block":35,"minecraft:stripped_spruce_wood":1,"minecraft:iron_ore":6,"minecraft:fire":1,"minecraft:pumpkin":1,"minecraft:anvil":1,"minecraft:yellow_bed":1,"minecraft:red_wall_banner":1,"minecraft:grass":4,"minecraft:oak_log":6,"minecraft:iron_bars":1,"minecraft:lantern":1,"minecraft:zombie_head":1,"minecraft:cobweb":1,"minecraft:chipped_anvil":1,"minecraft:player_head":2,"minecraft:oak_leaves":3,"minecraft:green_bed":1,"minecraft:emerald_block":3},"minecraft:picked_up":{"minecraft:leather_chestplate":1,"minecraft:flower_pot":2,"minecraft:anvil":2,"minecraft:wither_rose":9,"minecraft:cooked_rabbit":1,"minecraft:potion":2,"minecraft:oak_log":17,"minecraft:yellow_bed":1,"minecraft:dirt":4,"minecraft:lantern":1,"minecraft:chipped_anvil":1,"minecraft:red_carpet":3,"minecraft:zombie_head":1,"minecraft:wheat_seeds":1,"minecraft:iron_ingot":1,"minecraft:player_head":2,"minecraft:netherite_upgrade_smithing_template":1,"minecraft:book":2,"minecraft:stick":2,"minecraft:raw_iron":6,"minecraft:emerald_block":14,"minecraft:green_bed":1,"minecraft:goat_horn":1,"minecraft:red_banner":2,"minecraft:white_bed":1,"minecraft:carrot":4,"exoticbirds:mystery_egg":2,"minecraft:arrow":6,"minecraft:honey_bottle":1,"minecraft:diamond":3,"minecraft:hay_block":33,"minecraft:crossbow":1,"minecraft:bread":63,"minecraft:spruce_sign":4,"minecraft:gold_ingot":7,"minecraft:emerald":42,"minecraft:coal":5,"minecraft:skeleton_skull":2,"minecraft:hopper":3},"minecraft:dropped":{"minecraft:bread":63,"minecraft:spruce_sign":4,"minecraft:anvil":1,"minecraft:emerald_block":11,"minecraft:wheat_seeds":1,"minecraft:player_head":1,"minecraft:cooked_chicken":1,"minecraft:oak_log":10,"minecraft:diamond":3,"minecraft:crossbow":1,"minecraft:red_banner":1,"minecraft:iron_hoe":1,"minecraft:white_bed":1,"minecraft:carrot":4,"minecraft:coal":11,"minecraft:red_carpet":2,"minecraft:emerald":28,"minecraft:dirt":2,"minecraft:hay_block":6,"minecraft:flower_pot":2,"minecraft:skeleton_skull":1,"minecraft:hopper":1,"minecraft:zombie_head":1,"minecraft:arrow":2,"minecraft:chipped_anvil":1,"minecraft:fishing_rod":1,"minecraft:cooked_rabbit":1,"minecraft:gold_ingot":7},"minecraft:custom":{"minecraft:interact_with_anvil":1,"minecraft:mob_kills":25,"minecraft:inspect_hopper":2,"tombstone:raider_killed":20,"minecraft:interact_with_crafting_table":11,"minecraft:open_barrel":39,"minecraft:damage_dealt_resisted":170,"minecraft:interact_with_grindstone":1,"minecraft:time_since_death":70973,"minecraft:sleep_in_bed":3,"minecraft:climb_one_cm":16392,"minecraft:time_since_rest":6911,"minecraft:sprint_one_cm":417101,"minecraft:damage_taken":1347,"minecraft:walk_one_cm":138568,"minecraft:drop":32,"minecraft:damage_dealt":5093,"minecraft:damage_dealt_absorbed":40,"minecraft:swim_one_cm":17465,"minecraft:talked_to_villager":9,"minecraft:fly_one_cm":485380,"minecraft:open_chest":184,"minecraft:crouch_one_cm":6322,"minecraft:play_time":70973,"tombstone:undead_killed":2,"minecraft:sneak_time":3334,"minecraft:walk_under_water_one_cm":515,"minecraft:jump":1956,"minecraft:interact_with_blast_furnace":6,"minecraft:walk_on_water_one_cm":1780,"minecraft:interact_with_smoker":1,"minecraft:total_world_time":70973,"minecraft:fall_one_cm":58589},"minecraft:killed":{"minecraft:vindicator":5,"minecraft:pillager":15,"minecraft:zombie":2,"creaturecraft:termite":1,"exoticbirds:swan":1,"minecraft:chicken":1},"minecraft:crafted":{"minecraft:emerald":81,"minecraft:air":0,"minecraft:bread":108,"minecraft:iron_boots":1,"minecraft:iron_chestplate":1,"minecraft:emerald_block":28,"minecraft:iron_ingot":6,"minecraft:iron_pickaxe":1,"minecraft:iron_leggings":1,"minecraft:wheat":315},"minecraft:used":{"minecraft:cooked_mutton":1,"minecraft:water_bucket":1,"minecraft:bundle":1,"minecraft:iron_sword":160,"minecraft:hopper":1,"minecraft:carrot":4,"minecraft:honey_bottle":2,"minecraft:oak_log":2,"minecraft:iron_axe":6,"minecraft:bread":35,"minecraft:iron_pickaxe":50,"minecraft:emerald_block":3,"minecraft:red_banner":1,"minecraft:bucket":1,"minecraft:yellow_bed":1,"minecraft:cooked_beef":1,"minecraft:experience_bottle":1}},"DataVersion":3465}