{"stats":{"minecraft:mined":{"minecraft:deepslate_redstone_ore":1,"minecraft:tuff":8,"minecraft:deepslate_diamond_ore":1,"minecraft:crafting_table":5,"minecraft:torch":3,"minecraft:oak_wood":2,"minecraft:grass_block":3,"minecraft:tall_grass":2,"minecraft:cobblestone":4,"minecraft:deepslate_coal_ore":2,"minecraft:deepslate_gold_ore":4,"minecraft:lapis_ore":7,"minecraft:wall_torch":2,"minecraft:hay_block":39,"minecraft:redstone_ore":7,"minecraft:furnace":4,"minecraft:iron_ore":42,"minecraft:deepslate_lapis_ore":12,"minecraft:grass":5,"minecraft:oak_log":17,"minecraft:coal_ore":80,"minecraft:deepslate_iron_ore":15,"minecraft:gravel":1,"minecraft:dirt":11,"minecraft:stone":166,"minecraft:deepslate":80},"minecraft:picked_up":{"swem:timothy_seeds":1,"minecraft:crafting_table":5,"minecraft:tuff":8,"minecraft:oak_log":16,"minecraft:lapis_lazuli":123,"minecraft:dirt":14,"minecraft:bone":5,"minecraft:cobbled_deepslate":76,"minecraft:raw_gold":4,"swem:oat_seeds":1,"minecraft:furnace":4,"minecraft:raw_iron":57,"minecraft:torch":5,"minecraft:gravel":10,"tombstone:grave_dust":4,"minecraft:redstone":34,"minecraft:oak_wood":2,"minecraft:arrow":3,"minecraft:diamond":1,"minecraft:hay_block":39,"minecraft:spruce_sign":11,"minecraft:coal":155,"minecraft:cobblestone":171},"minecraft:dropped":{"minecraft:spruce_sign":11,"alexsmobs:animal_dictionary":1,"bossominium:the_bossdexium":1,"swem:timothy_seeds":1,"tombstone:grave_dust":4,"swem:oat_seeds":1},"minecraft:custom":{"minecraft:interact_with_furnace":37,"minecraft:mob_kills":8,"minecraft:interact_with_crafting_table":12,"minecraft:damage_dealt_resisted":72,"minecraft:leave_game":3,"minecraft:time_since_death":51678,"minecraft:sleep_in_bed":1,"minecraft:time_since_rest":45070,"minecraft:sprint_one_cm":60653,"minecraft:damage_taken":296,"minecraft:walk_one_cm":173064,"minecraft:damage_blocked_by_shield":410,"minecraft:drop":9,"minecraft:damage_dealt":1598,"minecraft:talked_to_villager":1,"minecraft:swim_one_cm":7976,"minecraft:fly_one_cm":85436,"minecraft:open_chest":3,"minecraft:crouch_one_cm":10285,"minecraft:play_time":58083,"tombstone:undead_killed":7,"minecraft:deaths":1,"minecraft:sneak_time":7868,"minecraft:walk_under_water_one_cm":8436,"minecraft:jump":612,"minecraft:walk_on_water_one_cm":30561,"minecraft:total_world_time":58083,"minecraft:fall_one_cm":7307},"minecraft:broken":{"minecraft:stone_pickaxe":2,"minecraft:wooden_pickaxe":1},"minecraft:killed":{"minecraft:skeleton":4,"minecraft:zombie":3},"minecraft:crafted":{"minecraft:oak_planks":24,"minecraft:stone_shovel":1,"minecraft:crafting_table":1,"minecraft:wooden_pickaxe":1,"minecraft:iron_helmet":1,"minecraft:furnace":2,"minecraft:bucket":1,"minecraft:stone_axe":1,"minecraft:bread":117,"minecraft:air":0,"minecraft:iron_boots":1,"minecraft:iron_chestplate":1,"minecraft:shield":1,"minecraft:stick":20,"minecraft:iron_ingot":38,"minecraft:iron_pickaxe":1,"minecraft:stone_pickaxe":4,"minecraft:stone_sword":1,"minecraft:iron_leggings":1,"minecraft:torch":4,"minecraft:wheat":351},"minecraft:used":{"minecraft:water_bucket":35,"minecraft:stone_sword":36,"minecraft:stone_pickaxe":344,"minecraft:wooden_pickaxe":59,"minecraft:shield":12,"minecraft:torch":7,"minecraft:crafting_table":5,"minecraft:bread":4,"minecraft:iron_pickaxe":36,"minecraft:stone_axe":4,"minecraft:cobblestone":42,"minecraft:furnace":4,"minecraft:bucket":36,"minecraft:cobbled_deepslate":4}},"DataVersion":3465}