{"stats":{"minecraft:mined":{"minecraft:crafting_table":3,"minecraft:torch":3,"minecraft:oak_wood":2,"minecraft:grass_block":3,"minecraft:tall_grass":2,"minecraft:cobblestone":1,"minecraft:lapis_ore":7,"minecraft:wall_torch":2,"minecraft:hay_block":39,"minecraft:furnace":2,"minecraft:iron_ore":13,"minecraft:grass":5,"minecraft:oak_log":17,"minecraft:coal_ore":53,"minecraft:gravel":1,"minecraft:dirt":11,"minecraft:stone":141},"minecraft:picked_up":{"swem:timothy_seeds":1,"minecraft:crafting_table":3,"minecraft:oak_log":16,"minecraft:lapis_lazuli":55,"minecraft:dirt":14,"minecraft:bone":1,"swem:oat_seeds":1,"minecraft:furnace":2,"minecraft:raw_iron":13,"minecraft:torch":5,"minecraft:gravel":10,"tombstone:grave_dust":2,"minecraft:oak_wood":2,"minecraft:arrow":1,"minecraft:hay_block":39,"minecraft:spruce_sign":11,"minecraft:coal":68,"minecraft:cobblestone":142},"minecraft:dropped":{"minecraft:spruce_sign":11,"alexsmobs:animal_dictionary":1,"bossominium:the_bossdexium":1,"swem:timothy_seeds":1,"tombstone:grave_dust":2,"swem:oat_seeds":1},"minecraft:custom":{"minecraft:interact_with_furnace":9,"minecraft:mob_kills":2,"minecraft:interact_with_crafting_table":6,"minecraft:leave_game":3,"minecraft:time_since_death":27678,"minecraft:sleep_in_bed":1,"minecraft:time_since_rest":21070,"minecraft:sprint_one_cm":46854,"minecraft:damage_taken":265,"minecraft:walk_one_cm":88014,"minecraft:damage_blocked_by_shield":80,"minecraft:drop":8,"minecraft:damage_dealt":249,"minecraft:talked_to_villager":1,"minecraft:swim_one_cm":6503,"minecraft:fly_one_cm":61502,"minecraft:open_chest":3,"minecraft:crouch_one_cm":4421,"minecraft:play_time":34083,"tombstone:undead_killed":2,"minecraft:deaths":1,"minecraft:sneak_time":4011,"minecraft:walk_under_water_one_cm":4443,"minecraft:jump":298,"minecraft:walk_on_water_one_cm":3240,"minecraft:total_world_time":34083,"minecraft:fall_one_cm":4553},"minecraft:broken":{"minecraft:stone_pickaxe":1,"minecraft:wooden_pickaxe":1},"minecraft:killed":{"minecraft:skeleton":1,"minecraft:zombie":1},"minecraft:used":{"minecraft:stone_sword":4,"minecraft:stone_pickaxe":164,"minecraft:wooden_pickaxe":59,"minecraft:shield":3,"minecraft:torch":6,"minecraft:crafting_table":3,"minecraft:bread":1,"minecraft:stone_axe":2,"minecraft:cobblestone":22,"minecraft:furnace":2},"minecraft:crafted":{"minecraft:oak_planks":24,"minecraft:stone_shovel":1,"minecraft:crafting_table":1,"minecraft:wooden_pickaxe":1,"minecraft:furnace":2,"minecraft:stone_axe":1,"minecraft:bread":117,"minecraft:air":0,"minecraft:iron_chestplate":1,"minecraft:shield":1,"minecraft:stick":16,"minecraft:iron_ingot":9,"minecraft:stone_pickaxe":3,"minecraft:stone_sword":1,"minecraft:torch":4,"minecraft:wheat":351}},"DataVersion":3465}