{"stats":{"minecraft:mined":{"minecraft:grass":2,"minecraft:oak_wood":2,"minecraft:oak_log":17,"minecraft:tall_grass":2},"minecraft:picked_up":{"minecraft:oak_wood":2,"minecraft:oak_log":16,"tombstone:grave_dust":2},"minecraft:dropped":{"tombstone:grave_dust":2,"alexsmobs:animal_dictionary":1,"bossominium:the_bossdexium":1},"minecraft:custom":{"minecraft:time_since_rest":4342,"tombstone:undead_killed":1,"minecraft:damage_taken":230,"minecraft:sprint_one_cm":23508,"minecraft:crouch_one_cm":366,"minecraft:play_time":11164,"minecraft:deaths":1,"minecraft:walk_one_cm":36433,"minecraft:sneak_time":980,"minecraft:walk_under_water_one_cm":676,"minecraft:mob_kills":1,"minecraft:drop":4,"minecraft:jump":179,"minecraft:damage_dealt":79,"minecraft:walk_on_water_one_cm":1554,"minecraft:leave_game":1,"minecraft:time_since_death":4759,"minecraft:total_world_time":11164,"minecraft:swim_one_cm":4310,"minecraft:fall_one_cm":3717,"minecraft:fly_one_cm":45873},"minecraft:killed":{"minecraft:zombie":1},"minecraft:crafted":{"minecraft:oak_planks":8,"minecraft:crafting_table":1}},"DataVersion":3465}