{"stats":{"minecraft:mined":{"minecraft:dark_oak_planks":4,"minecraft:waxed_cut_copper_slab":2,"minecraft:tuff":35,"minecraft:spruce_planks":8,"minecraft:deepslate_diamond_ore":8,"minecraft:cobblestone_stairs":4,"minecraft:brewing_stand":1,"minecraft:warped_stairs":2,"minecraft:ladder":1,"minecraft:grass_block":3,"minecraft:cherry_wood":12,"minecraft:spruce_leaves":52,"minecraft:stripped_warped_hyphae":6,"minecraft:spawner":3,"minecraft:large_fern":1,"minecraft:hay_block":70,"minecraft:redstone_ore":7,"minecraft:furnace":6,"minecraft:dark_oak_trapdoor":2,"minecraft:iron_ore":56,"minecraft:cobbled_deepslate":1,"minecraft:deepslate_lapis_ore":16,"minecraft:anvil":1,"minecraft:bookshelf":63,"minecraft:deepslate_iron_ore":37,"minecraft:smooth_quartz_stairs":1,"minecraft:bamboo":1,"minecraft:stripped_mangrove_wood":10,"minecraft:stone":257,"minecraft:smithing_table":1,"minecraft:deepslate_redstone_ore":19,"minecraft:crafting_table":12,"minecraft:torch":3,"minecraft:blast_furnace":1,"minecraft:oak_wood":2,"minecraft:calcite":5,"minecraft:sculk_sensor":4,"minecraft:copper_ore":1,"minecraft:tall_grass":3,"minecraft:cobblestone":12,"minecraft:deepslate_coal_ore":2,"minecraft:lapis_ore":7,"minecraft:deepslate_gold_ore":20,"minecraft:sugar_cane":4,"minecraft:wall_torch":2,"minecraft:yellow_bed":3,"minecraft:grass":8,"minecraft:oak_log":17,"minecraft:coal_ore":80,"minecraft:cherry_leaves":6,"minecraft:gravel":1,"minecraft:dirt":14,"minecraft:cobweb":4,"minecraft:stonecutter":1,"minecraft:oak_leaves":1,"minecraft:deepslate":289,"minecraft:cyan_candle":1,"minecraft:fern":2},"minecraft:picked_up":{"minecraft:crafting_table":12,"minecraft:stripped_warped_hyphae":8,"minecraft:ladder":1,"minecraft:anvil":1,"minecraft:smithing_table":1,"minecraft:brewing_stand":1,"minecraft:warped_stairs":4,"minecraft:string":8,"minecraft:dark_oak_trapdoor":2,"minecraft:waxed_cut_copper_slab":2,"minecraft:iron_axe":1,"minecraft:cyan_carpet":13,"minecraft:cobbled_deepslate":284,"minecraft:spruce_planks":9,"minecraft:beef":10,"minecraft:oak_boat":4,"minecraft:calcite":5,"minecraft:poppy":2,"minecraft:sugar_cane":9,"minecraft:smooth_quartz_stairs":1,"minecraft:furnace":6,"minecraft:stick":3,"minecraft:raw_iron":93,"minecraft:stripped_mangrove_wood":11,"minecraft:torch":5,"minecraft:stone_button":4,"tombstone:grave_dust":7,"minecraft:redstone":111,"minecraft:dark_oak_planks":4,"minecraft:arrow":19,"minecraft:rotten_flesh":5,"minecraft:hay_block":70,"swem:alfalfa_seeds":8,"minecraft:iron_bars":1,"minecraft:cobblestone":237,"minecraft:pink_petals":1,"swem:timothy_seeds":9,"minecraft:leather":9,"minecraft:tuff":35,"minecraft:oak_log":16,"minecraft:yellow_bed":3,"minecraft:cobblestone_stairs":2,"minecraft:lapis_lazuli":142,"minecraft:dirt":17,"minecraft:bone":17,"minecraft:gray_carpet":2,"minecraft:stonecutter":1,"minecraft:bow":1,"minecraft:wheat_seeds":4,"minecraft:raw_gold":20,"minecraft:cyan_candle":3,"minecraft:bamboo":6,"swem:oat_seeds":6,"minecraft:oak_planks":8,"minecraft:book":189,"minecraft:sweet_berries":4,"minecraft:gravel":10,"minecraft:spruce_sapling":5,"minecraft:blast_furnace":1,"minecraft:spruce_log":1,"creaturecraft:buff_grass":2,"minecraft:oak_wood":2,"minecraft:diamond":8,"minecraft:cherry_wood":12,"minecraft:cherry_sapling":1,"minecraft:spruce_sign":11,"minecraft:emerald":1,"minecraft:coal":211},"minecraft:dropped":{"minecraft:spruce_sign":11,"minecraft:bread":45,"minecraft:iron_sword":1,"minecraft:wheat_seeds":4,"minecraft:smooth_quartz_stairs":1,"minecraft:cobblestone":1,"minecraft:leather":2,"bossominium:the_bossdexium":1,"minecraft:cobblestone_stairs":2,"minecraft:stick":4,"minecraft:emerald":1,"minecraft:stripped_warped_hyphae":4,"minecraft:dirt":17,"minecraft:warped_stairs":2,"minecraft:stone_button":3,"minecraft:dark_oak_trapdoor":2,"tombstone:grave_dust":7,"minecraft:cyan_candle":3,"minecraft:dark_oak_planks":4,"minecraft:gray_carpet":1,"minecraft:spruce_sapling":1,"minecraft:cyan_carpet":13,"swem:oat_seeds":6,"minecraft:waxed_cut_copper_slab":2,"minecraft:gravel":10,"alexsmobs:animal_dictionary":1,"minecraft:cobbled_deepslate":64,"minecraft:tuff":35,"tombstone:gift":1,"swem:alfalfa_seeds":8,"minecraft:rotten_flesh":5,"minecraft:oak_planks":6,"creaturecraft:buff_grass":2,"minecraft:filled_map":1,"minecraft:poppy":2,"swem:timothy_seeds":8,"minecraft:spruce_planks":9,"minecraft:spruce_log":1,"minecraft:arrow":13,"minecraft:iron_bars":1,"minecraft:beef":10,"minecraft:calcite":5},"minecraft:custom":{"minecraft:interact_with_smithing_table":2,"minecraft:mob_kills":54,"minecraft:interact_with_crafting_table":29,"minecraft:open_barrel":48,"minecraft:damage_dealt_resisted":450,"minecraft:eat_cake_slice":6,"minecraft:leave_game":8,"minecraft:time_since_death":212501,"minecraft:climb_one_cm":18577,"minecraft:sprint_one_cm":443651,"minecraft:walk_one_cm":689257,"minecraft:damage_blocked_by_shield":1760,"minecraft:drop":75,"minecraft:play_noteblock":4,"minecraft:talked_to_villager":3,"minecraft:play_time":218906,"minecraft:sneak_time":16523,"minecraft:deaths":1,"minecraft:walk_under_water_one_cm":35288,"minecraft:interact_with_brewingstand":2,"minecraft:jump":4551,"minecraft:interact_with_blast_furnace":2,"minecraft:walk_on_water_one_cm":81843,"minecraft:total_world_time":218906,"minecraft:interact_with_furnace":63,"tombstone:raider_killed":4,"minecraft:sleep_in_bed":6,"minecraft:time_since_rest":25793,"minecraft:damage_taken":3958,"minecraft:damage_dealt":14940,"minecraft:swim_one_cm":21026,"minecraft:fly_one_cm":855603,"minecraft:open_chest":118,"minecraft:crouch_one_cm":32834,"tombstone:undead_killed":41,"minecraft:fall_one_cm":116563},"minecraft:broken":{"minecraft:wooden_pickaxe":1,"minecraft:stone_pickaxe":4},"minecraft:killed":{"minecraft:vindicator":1,"minecraft:skeleton":18,"minecraft:husk":19,"minecraft:pillager":3,"minecraft:zombie":4,"minecraft:enderman":1,"minecraft:cow":7},"minecraft:crafted":{"minecraft:oak_planks":36,"minecraft:stone_shovel":1,"minecraft:furnace":2,"minecraft:iron_boots":1,"minecraft:iron_axe":1,"minecraft:stone_pickaxe":4,"minecraft:chest":1,"sophisticatedbackpacks:iron_backpack":1,"minecraft:wheat":639,"minecraft:diamond_sword":1,"sophisticatedbackpacks:backpack":1,"minecraft:crafting_table":1,"minecraft:wooden_pickaxe":1,"minecraft:iron_helmet":1,"sophisticatedbackpacks:gold_backpack":1,"minecraft:bucket":1,"minecraft:stone_axe":1,"minecraft:bread":213,"minecraft:air":0,"minecraft:oak_boat":1,"minecraft:iron_chestplate":1,"minecraft:diamond_pickaxe":1,"minecraft:shield":1,"minecraft:stick":24,"minecraft:iron_ingot":93,"minecraft:iron_pickaxe":1,"minecraft:stone_sword":1,"minecraft:iron_leggings":1,"minecraft:gold_ingot":20,"minecraft:torch":4},"minecraft:used":{"minecraft:stone_sword":65,"minecraft:stone_shovel":3,"minecraft:ladder":1,"minecraft:shield":50,"minecraft:iron_sword":244,"minecraft:torch":7,"minecraft:spyglass":10,"minecraft:iron_axe":22,"minecraft:hay_block":7,"minecraft:furnace":6,"minecraft:cobbled_deepslate":67,"minecraft:water_bucket":197,"minecraft:stone_pickaxe":529,"minecraft:wooden_pickaxe":59,"minecraft:crafting_table":12,"minecraft:diamond_pickaxe":149,"minecraft:bread":103,"minecraft:iron_pickaxe":177,"minecraft:stone_axe":98,"minecraft:diamond_sword":59,"minecraft:cobblestone":119,"minecraft:bucket":198,"minecraft:yellow_bed":3,"minecraft:oak_boat":4}},"DataVersion":3465}