{"stats":{"minecraft:mined":{"minecraft:crafting_table":5,"minecraft:torch":3,"minecraft:oak_wood":2,"minecraft:grass_block":3,"minecraft:tall_grass":2,"minecraft:cobblestone":1,"minecraft:deepslate_coal_ore":2,"minecraft:lapis_ore":7,"minecraft:wall_torch":2,"minecraft:hay_block":39,"minecraft:redstone_ore":7,"minecraft:furnace":4,"minecraft:iron_ore":42,"minecraft:grass":5,"minecraft:oak_log":17,"minecraft:coal_ore":80,"minecraft:deepslate_iron_ore":6,"minecraft:gravel":1,"minecraft:dirt":11,"minecraft:stone":166,"minecraft:deepslate":8},"minecraft:picked_up":{"swem:timothy_seeds":1,"minecraft:crafting_table":5,"minecraft:oak_log":16,"minecraft:lapis_lazuli":55,"minecraft:dirt":14,"minecraft:bone":1,"minecraft:cobbled_deepslate":8,"swem:oat_seeds":1,"minecraft:furnace":4,"minecraft:raw_iron":48,"minecraft:torch":5,"minecraft:gravel":10,"tombstone:grave_dust":2,"minecraft:redstone":30,"minecraft:oak_wood":2,"minecraft:arrow":1,"minecraft:hay_block":39,"minecraft:spruce_sign":11,"minecraft:coal":155,"minecraft:cobblestone":168},"minecraft:dropped":{"minecraft:spruce_sign":11,"alexsmobs:animal_dictionary":1,"bossominium:the_bossdexium":1,"swem:timothy_seeds":1,"tombstone:grave_dust":2,"swem:oat_seeds":1},"minecraft:custom":{"minecraft:interact_with_furnace":37,"minecraft:mob_kills":4,"minecraft:interact_with_crafting_table":12,"minecraft:damage_dealt_resisted":72,"minecraft:leave_game":3,"minecraft:time_since_death":39678,"minecraft:sleep_in_bed":1,"minecraft:time_since_rest":33070,"minecraft:sprint_one_cm":52123,"minecraft:damage_taken":265,"minecraft:walk_one_cm":137511,"minecraft:damage_blocked_by_shield":205,"minecraft:drop":8,"minecraft:damage_dealt":781,"minecraft:talked_to_villager":1,"minecraft:swim_one_cm":6503,"minecraft:fly_one_cm":62809,"minecraft:open_chest":3,"minecraft:crouch_one_cm":7348,"minecraft:play_time":46083,"tombstone:undead_killed":4,"minecraft:deaths":1,"minecraft:sneak_time":5607,"minecraft:walk_under_water_one_cm":7019,"minecraft:jump":402,"minecraft:walk_on_water_one_cm":13890,"minecraft:total_world_time":46083,"minecraft:fall_one_cm":4973},"minecraft:broken":{"minecraft:stone_pickaxe":1,"minecraft:wooden_pickaxe":1},"minecraft:killed":{"minecraft:skeleton":2,"minecraft:zombie":2},"minecraft:used":{"minecraft:stone_sword":18,"minecraft:stone_pickaxe":263,"minecraft:wooden_pickaxe":59,"minecraft:shield":7,"minecraft:torch":6,"minecraft:crafting_table":5,"minecraft:bread":2,"minecraft:iron_pickaxe":7,"minecraft:stone_axe":4,"minecraft:cobblestone":24,"minecraft:furnace":4,"minecraft:bucket":1},"minecraft:crafted":{"minecraft:oak_planks":24,"minecraft:stone_shovel":1,"minecraft:crafting_table":1,"minecraft:wooden_pickaxe":1,"minecraft:iron_helmet":1,"minecraft:furnace":2,"minecraft:bucket":1,"minecraft:stone_axe":1,"minecraft:bread":117,"minecraft:air":0,"minecraft:iron_boots":1,"minecraft:iron_chestplate":1,"minecraft:shield":1,"minecraft:stick":20,"minecraft:iron_ingot":38,"minecraft:iron_pickaxe":1,"minecraft:stone_pickaxe":4,"minecraft:stone_sword":1,"minecraft:iron_leggings":1,"minecraft:torch":4,"minecraft:wheat":351}},"DataVersion":3465}