{"stats":{"minecraft:mined":{"minecraft:deepslate_redstone_ore":19,"minecraft:tuff":35,"minecraft:deepslate_diamond_ore":8,"minecraft:cobblestone_stairs":2,"minecraft:crafting_table":6,"minecraft:torch":3,"minecraft:oak_wood":2,"minecraft:grass_block":3,"minecraft:sculk_sensor":4,"minecraft:tall_grass":2,"minecraft:cobblestone":8,"minecraft:deepslate_coal_ore":2,"minecraft:lapis_ore":7,"minecraft:deepslate_gold_ore":20,"minecraft:wall_torch":2,"minecraft:hay_block":39,"minecraft:redstone_ore":7,"minecraft:furnace":4,"minecraft:iron_ore":42,"minecraft:cobbled_deepslate":1,"minecraft:deepslate_lapis_ore":16,"minecraft:grass":5,"minecraft:oak_log":17,"minecraft:coal_ore":80,"minecraft:deepslate_iron_ore":37,"minecraft:gravel":1,"minecraft:dirt":11,"minecraft:stone":223,"minecraft:deepslate":289},"minecraft:picked_up":{"swem:timothy_seeds":1,"minecraft:crafting_table":6,"minecraft:tuff":35,"minecraft:oak_log":16,"minecraft:cobblestone_stairs":1,"minecraft:lapis_lazuli":142,"minecraft:dirt":14,"minecraft:bone":10,"minecraft:cobbled_deepslate":284,"minecraft:raw_gold":20,"swem:oat_seeds":1,"minecraft:furnace":4,"minecraft:raw_iron":79,"minecraft:torch":5,"minecraft:gravel":10,"tombstone:grave_dust":7,"minecraft:redstone":111,"minecraft:oak_wood":2,"minecraft:arrow":10,"minecraft:rotten_flesh":2,"minecraft:diamond":8,"minecraft:hay_block":39,"minecraft:spruce_sign":11,"minecraft:coal":155,"minecraft:cobblestone":228},"minecraft:dropped":{"minecraft:gravel":10,"minecraft:spruce_sign":11,"alexsmobs:animal_dictionary":1,"minecraft:tuff":13,"tombstone:gift":1,"minecraft:oak_planks":1,"bossominium:the_bossdexium":1,"minecraft:dirt":14,"swem:timothy_seeds":1,"tombstone:grave_dust":6,"swem:oat_seeds":1},"minecraft:custom":{"minecraft:interact_with_furnace":38,"minecraft:mob_kills":15,"minecraft:interact_with_crafting_table":13,"minecraft:damage_dealt_resisted":72,"minecraft:leave_game":7,"minecraft:time_since_death":90301,"minecraft:sleep_in_bed":1,"minecraft:time_since_rest":83693,"minecraft:sprint_one_cm":113070,"minecraft:damage_taken":776,"minecraft:walk_one_cm":304961,"minecraft:damage_blocked_by_shield":525,"minecraft:drop":15,"minecraft:damage_dealt":2768,"minecraft:swim_one_cm":9872,"minecraft:talked_to_villager":1,"minecraft:fly_one_cm":163874,"minecraft:open_chest":3,"minecraft:play_time":96706,"minecraft:crouch_one_cm":27783,"tombstone:undead_killed":14,"minecraft:deaths":1,"minecraft:sneak_time":13357,"minecraft:walk_under_water_one_cm":11168,"minecraft:jump":1360,"minecraft:walk_on_water_one_cm":57626,"minecraft:total_world_time":96706,"minecraft:fall_one_cm":13864},"minecraft:broken":{"minecraft:stone_pickaxe":4,"minecraft:wooden_pickaxe":1},"minecraft:killed":{"minecraft:skeleton":10,"minecraft:zombie":4},"minecraft:crafted":{"minecraft:oak_planks":24,"minecraft:stone_shovel":1,"minecraft:crafting_table":1,"minecraft:wooden_pickaxe":1,"minecraft:iron_helmet":1,"minecraft:furnace":2,"minecraft:bucket":1,"minecraft:stone_axe":1,"minecraft:bread":117,"minecraft:air":0,"minecraft:iron_boots":1,"minecraft:iron_chestplate":1,"minecraft:diamond_pickaxe":1,"minecraft:shield":1,"minecraft:stick":20,"minecraft:iron_ingot":38,"minecraft:iron_pickaxe":1,"minecraft:stone_pickaxe":4,"minecraft:stone_sword":1,"minecraft:iron_leggings":1,"minecraft:torch":4,"minecraft:wheat":351},"minecraft:used":{"minecraft:water_bucket":129,"minecraft:stone_sword":63,"minecraft:stone_pickaxe":529,"minecraft:wooden_pickaxe":59,"minecraft:shield":16,"minecraft:torch":7,"minecraft:crafting_table":6,"minecraft:diamond_pickaxe":76,"minecraft:bread":17,"minecraft:iron_pickaxe":146,"minecraft:stone_axe":5,"minecraft:cobblestone":73,"minecraft:furnace":4,"minecraft:bucket":130,"minecraft:cobbled_deepslate":66}},"DataVersion":3465}