{"stats":{"minecraft:mined":{"minecraft:deepslate_redstone_ore":19,"minecraft:tuff":35,"minecraft:deepslate_diamond_ore":8,"minecraft:cobblestone_stairs":4,"minecraft:crafting_table":7,"minecraft:torch":3,"minecraft:ladder":1,"minecraft:blast_furnace":1,"minecraft:oak_wood":2,"minecraft:grass_block":3,"minecraft:sculk_sensor":4,"minecraft:copper_ore":1,"minecraft:tall_grass":2,"minecraft:cobblestone":11,"minecraft:deepslate_coal_ore":2,"minecraft:lapis_ore":7,"minecraft:deepslate_gold_ore":20,"minecraft:sugar_cane":4,"minecraft:wall_torch":2,"minecraft:hay_block":39,"minecraft:redstone_ore":7,"minecraft:furnace":6,"minecraft:iron_ore":56,"minecraft:cobbled_deepslate":1,"minecraft:yellow_bed":2,"minecraft:anvil":1,"minecraft:deepslate_lapis_ore":16,"minecraft:bookshelf":42,"minecraft:grass":6,"minecraft:oak_log":17,"minecraft:coal_ore":80,"minecraft:deepslate_iron_ore":37,"minecraft:gravel":1,"minecraft:dirt":14,"minecraft:stone":257,"minecraft:deepslate":289},"minecraft:picked_up":{"swem:timothy_seeds":4,"minecraft:crafting_table":7,"minecraft:ladder":1,"minecraft:anvil":1,"minecraft:tuff":35,"minecraft:oak_log":16,"minecraft:yellow_bed":2,"minecraft:cobblestone_stairs":2,"minecraft:lapis_lazuli":142,"minecraft:dirt":17,"minecraft:bone":10,"minecraft:gray_carpet":1,"minecraft:cobbled_deepslate":284,"minecraft:raw_gold":20,"minecraft:beef":2,"minecraft:oak_boat":2,"swem:oat_seeds":3,"minecraft:sugar_cane":9,"minecraft:furnace":6,"minecraft:book":126,"minecraft:raw_iron":93,"minecraft:torch":5,"minecraft:gravel":10,"minecraft:blast_furnace":1,"tombstone:grave_dust":7,"minecraft:redstone":111,"minecraft:oak_wood":2,"minecraft:arrow":12,"minecraft:rotten_flesh":2,"minecraft:diamond":8,"minecraft:hay_block":39,"minecraft:spruce_sign":11,"minecraft:emerald":1,"minecraft:coal":211,"minecraft:cobblestone":235},"minecraft:dropped":{"minecraft:gravel":10,"minecraft:spruce_sign":11,"minecraft:cobbled_deepslate":64,"alexsmobs:animal_dictionary":1,"minecraft:tuff":35,"tombstone:gift":1,"minecraft:rotten_flesh":2,"minecraft:oak_planks":4,"bossominium:the_bossdexium":1,"minecraft:emerald":1,"minecraft:cobblestone_stairs":2,"minecraft:dirt":17,"swem:timothy_seeds":4,"tombstone:grave_dust":7,"minecraft:arrow":12,"minecraft:beef":2,"swem:oat_seeds":3},"minecraft:custom":{"minecraft:interact_with_smithing_table":1,"minecraft:interact_with_furnace":63,"minecraft:mob_kills":20,"tombstone:raider_killed":3,"minecraft:interact_with_crafting_table":18,"minecraft:open_barrel":8,"minecraft:damage_dealt_resisted":72,"minecraft:leave_game":7,"minecraft:time_since_death":122676,"minecraft:sleep_in_bed":3,"minecraft:climb_one_cm":6836,"minecraft:time_since_rest":4522,"minecraft:sprint_one_cm":196585,"minecraft:damage_taken":933,"minecraft:walk_one_cm":417559,"minecraft:damage_blocked_by_shield":705,"minecraft:drop":31,"minecraft:damage_dealt":3859,"minecraft:swim_one_cm":14789,"minecraft:talked_to_villager":2,"minecraft:fly_one_cm":337673,"minecraft:open_chest":54,"minecraft:play_time":129081,"minecraft:crouch_one_cm":28476,"tombstone:undead_killed":15,"minecraft:deaths":1,"minecraft:sneak_time":13766,"minecraft:walk_under_water_one_cm":16399,"minecraft:jump":2097,"minecraft:interact_with_blast_furnace":1,"minecraft:walk_on_water_one_cm":65408,"minecraft:total_world_time":129081,"minecraft:fall_one_cm":33183},"minecraft:broken":{"minecraft:stone_pickaxe":4,"minecraft:wooden_pickaxe":1},"minecraft:killed":{"minecraft:skeleton":11,"minecraft:pillager":3,"minecraft:zombie":4,"minecraft:cow":1},"minecraft:crafted":{"minecraft:oak_planks":32,"minecraft:stone_shovel":1,"minecraft:crafting_table":1,"minecraft:wooden_pickaxe":1,"minecraft:iron_helmet":1,"minecraft:furnace":2,"minecraft:bucket":1,"minecraft:stone_axe":1,"minecraft:bread":141,"minecraft:air":0,"minecraft:oak_boat":1,"minecraft:iron_boots":1,"minecraft:iron_chestplate":1,"minecraft:diamond_pickaxe":1,"minecraft:shield":1,"minecraft:stick":20,"minecraft:iron_ingot":93,"minecraft:iron_pickaxe":1,"minecraft:stone_pickaxe":4,"minecraft:stone_sword":1,"minecraft:gold_ingot":20,"minecraft:iron_leggings":1,"minecraft:torch":4,"minecraft:wheat":423},"minecraft:used":{"minecraft:water_bucket":138,"minecraft:stone_sword":65,"minecraft:stone_shovel":3,"minecraft:stone_pickaxe":529,"minecraft:ladder":1,"minecraft:wooden_pickaxe":59,"minecraft:shield":22,"minecraft:iron_sword":17,"minecraft:torch":7,"minecraft:crafting_table":7,"minecraft:diamond_pickaxe":104,"minecraft:bread":27,"minecraft:iron_pickaxe":177,"minecraft:stone_axe":49,"minecraft:cobblestone":73,"minecraft:furnace":6,"minecraft:bucket":139,"minecraft:yellow_bed":1,"minecraft:oak_boat":2,"minecraft:cobbled_deepslate":67}},"DataVersion":3465}