{"stats":{"minecraft:mined":{"minecraft:tuff":35,"minecraft:spruce_planks":8,"minecraft:deepslate_diamond_ore":8,"minecraft:cobblestone_stairs":4,"minecraft:ladder":1,"minecraft:grass_block":3,"minecraft:cherry_wood":12,"minecraft:spawner":1,"minecraft:hay_block":70,"minecraft:redstone_ore":7,"minecraft:furnace":6,"minecraft:iron_ore":56,"minecraft:cobbled_deepslate":1,"minecraft:deepslate_lapis_ore":16,"minecraft:anvil":1,"minecraft:bookshelf":42,"minecraft:deepslate_iron_ore":37,"minecraft:bamboo":1,"minecraft:stone":257,"minecraft:deepslate_redstone_ore":19,"minecraft:crafting_table":8,"minecraft:torch":3,"minecraft:blast_furnace":1,"minecraft:oak_wood":2,"minecraft:sculk_sensor":4,"minecraft:tall_grass":2,"minecraft:copper_ore":1,"minecraft:cobblestone":12,"minecraft:deepslate_coal_ore":2,"minecraft:deepslate_gold_ore":20,"minecraft:lapis_ore":7,"minecraft:sugar_cane":4,"minecraft:wall_torch":2,"minecraft:yellow_bed":3,"minecraft:grass":7,"minecraft:coal_ore":80,"minecraft:oak_log":17,"minecraft:cherry_leaves":6,"minecraft:gravel":1,"minecraft:dirt":14,"minecraft:cobweb":4,"minecraft:deepslate":289},"minecraft:picked_up":{"minecraft:crafting_table":8,"minecraft:ladder":1,"minecraft:anvil":1,"minecraft:string":8,"minecraft:cyan_carpet":12,"minecraft:cobbled_deepslate":284,"minecraft:spruce_planks":7,"minecraft:beef":9,"minecraft:oak_boat":2,"minecraft:sugar_cane":9,"minecraft:furnace":6,"minecraft:raw_iron":93,"minecraft:torch":5,"tombstone:grave_dust":7,"minecraft:redstone":111,"minecraft:arrow":14,"minecraft:rotten_flesh":2,"minecraft:hay_block":70,"swem:alfalfa_seeds":2,"minecraft:cobblestone":237,"minecraft:pink_petals":1,"swem:timothy_seeds":6,"minecraft:leather":7,"minecraft:tuff":35,"minecraft:oak_log":16,"minecraft:yellow_bed":3,"minecraft:cobblestone_stairs":2,"minecraft:lapis_lazuli":142,"minecraft:dirt":17,"minecraft:bone":13,"minecraft:gray_carpet":1,"minecraft:raw_gold":20,"minecraft:bamboo":6,"swem:oat_seeds":3,"minecraft:oak_planks":8,"minecraft:book":126,"minecraft:gravel":10,"minecraft:blast_furnace":1,"minecraft:oak_wood":2,"minecraft:diamond":8,"minecraft:cherry_wood":12,"minecraft:cherry_sapling":1,"minecraft:spruce_sign":11,"minecraft:emerald":1,"minecraft:coal":211},"minecraft:dropped":{"minecraft:spruce_sign":11,"bossominium:the_bossdexium":1,"minecraft:cobblestone_stairs":2,"minecraft:emerald":1,"minecraft:dirt":17,"tombstone:grave_dust":7,"swem:oat_seeds":3,"minecraft:gravel":10,"alexsmobs:animal_dictionary":1,"minecraft:cobbled_deepslate":64,"minecraft:tuff":35,"tombstone:gift":1,"swem:alfalfa_seeds":2,"minecraft:rotten_flesh":2,"minecraft:oak_planks":4,"swem:timothy_seeds":4,"minecraft:arrow":13,"minecraft:beef":9},"minecraft:custom":{"minecraft:interact_with_smithing_table":1,"minecraft:mob_kills":33,"minecraft:interact_with_crafting_table":23,"minecraft:open_barrel":12,"minecraft:damage_dealt_resisted":72,"minecraft:leave_game":7,"minecraft:time_since_death":146676,"minecraft:climb_one_cm":6836,"minecraft:sprint_one_cm":247355,"minecraft:walk_one_cm":489516,"minecraft:damage_blocked_by_shield":1135,"minecraft:drop":34,"minecraft:talked_to_villager":2,"minecraft:play_time":153081,"minecraft:deaths":1,"minecraft:sneak_time":14495,"minecraft:walk_under_water_one_cm":20162,"minecraft:jump":2708,"minecraft:interact_with_blast_furnace":1,"minecraft:walk_on_water_one_cm":70743,"minecraft:total_world_time":153081,"minecraft:interact_with_furnace":63,"tombstone:raider_killed":3,"minecraft:sleep_in_bed":4,"minecraft:time_since_rest":15288,"minecraft:damage_taken":1745,"minecraft:damage_dealt":7470,"minecraft:swim_one_cm":14789,"minecraft:fly_one_cm":487498,"minecraft:open_chest":60,"minecraft:crouch_one_cm":29500,"tombstone:undead_killed":24,"minecraft:fall_one_cm":51452},"minecraft:broken":{"minecraft:wooden_pickaxe":1,"minecraft:stone_pickaxe":4},"minecraft:killed":{"minecraft:skeleton":14,"minecraft:husk":6,"minecraft:pillager":3,"minecraft:zombie":4,"minecraft:cow":5},"minecraft:used":{"minecraft:stone_sword":65,"minecraft:stone_shovel":3,"minecraft:ladder":1,"minecraft:shield":36,"minecraft:iron_sword":108,"minecraft:torch":7,"minecraft:hay_block":7,"minecraft:furnace":6,"minecraft:cobbled_deepslate":67,"minecraft:water_bucket":151,"minecraft:stone_pickaxe":529,"minecraft:wooden_pickaxe":59,"minecraft:crafting_table":8,"minecraft:diamond_pickaxe":137,"minecraft:bread":46,"minecraft:iron_pickaxe":177,"minecraft:stone_axe":70,"minecraft:cobblestone":92,"minecraft:bucket":152,"minecraft:yellow_bed":3,"minecraft:oak_boat":2},"minecraft:crafted":{"minecraft:oak_planks":32,"minecraft:stone_shovel":1,"minecraft:furnace":2,"minecraft:iron_boots":1,"minecraft:stone_pickaxe":4,"minecraft:chest":1,"minecraft:wheat":423,"sophisticatedbackpacks:iron_backpack":1,"sophisticatedbackpacks:backpack":1,"minecraft:crafting_table":1,"minecraft:wooden_pickaxe":1,"minecraft:iron_helmet":1,"sophisticatedbackpacks:gold_backpack":1,"minecraft:bucket":1,"minecraft:stone_axe":1,"minecraft:bread":141,"minecraft:air":0,"minecraft:oak_boat":1,"minecraft:iron_chestplate":1,"minecraft:diamond_pickaxe":1,"minecraft:shield":1,"minecraft:stick":20,"minecraft:iron_ingot":93,"minecraft:iron_pickaxe":1,"minecraft:stone_sword":1,"minecraft:iron_leggings":1,"minecraft:gold_ingot":20,"minecraft:torch":4}},"DataVersion":3465}