{"stats":{"minecraft:mined":{"minecraft:deepslate_redstone_ore":7,"minecraft:tuff":26,"minecraft:deepslate_diamond_ore":6,"minecraft:crafting_table":5,"minecraft:torch":3,"minecraft:oak_wood":2,"minecraft:grass_block":3,"minecraft:tall_grass":2,"minecraft:cobblestone":4,"minecraft:deepslate_coal_ore":2,"minecraft:deepslate_gold_ore":6,"minecraft:lapis_ore":7,"minecraft:wall_torch":2,"minecraft:hay_block":39,"minecraft:redstone_ore":7,"minecraft:furnace":4,"minecraft:iron_ore":42,"minecraft:deepslate_lapis_ore":12,"minecraft:grass":5,"minecraft:oak_log":17,"minecraft:coal_ore":80,"minecraft:deepslate_iron_ore":15,"minecraft:gravel":1,"minecraft:dirt":11,"minecraft:stone":166,"minecraft:deepslate":111},"minecraft:picked_up":{"swem:timothy_seeds":1,"minecraft:crafting_table":5,"minecraft:tuff":26,"minecraft:oak_log":16,"minecraft:lapis_lazuli":123,"minecraft:dirt":14,"minecraft:bone":9,"minecraft:cobbled_deepslate":105,"minecraft:raw_gold":6,"swem:oat_seeds":1,"minecraft:furnace":4,"minecraft:raw_iron":57,"minecraft:torch":5,"minecraft:gravel":10,"tombstone:grave_dust":6,"minecraft:redstone":59,"minecraft:oak_wood":2,"minecraft:arrow":8,"minecraft:diamond":6,"minecraft:hay_block":39,"minecraft:spruce_sign":11,"minecraft:coal":155,"minecraft:cobblestone":171},"minecraft:dropped":{"minecraft:gravel":10,"minecraft:spruce_sign":11,"alexsmobs:animal_dictionary":1,"minecraft:tuff":13,"tombstone:gift":1,"minecraft:oak_planks":1,"bossominium:the_bossdexium":1,"minecraft:dirt":14,"swem:timothy_seeds":1,"tombstone:grave_dust":6,"swem:oat_seeds":1},"minecraft:custom":{"minecraft:interact_with_furnace":37,"minecraft:mob_kills":12,"minecraft:interact_with_crafting_table":12,"minecraft:damage_dealt_resisted":72,"minecraft:leave_game":3,"minecraft:time_since_death":57678,"minecraft:sleep_in_bed":1,"minecraft:time_since_rest":51070,"minecraft:sprint_one_cm":74541,"minecraft:damage_taken":360,"minecraft:walk_one_cm":195642,"minecraft:damage_blocked_by_shield":440,"minecraft:drop":15,"minecraft:damage_dealt":2169,"minecraft:talked_to_villager":1,"minecraft:swim_one_cm":7976,"minecraft:fly_one_cm":110110,"minecraft:open_chest":3,"minecraft:crouch_one_cm":13765,"minecraft:play_time":64083,"tombstone:undead_killed":11,"minecraft:deaths":1,"minecraft:sneak_time":8752,"minecraft:walk_under_water_one_cm":9187,"minecraft:jump":768,"minecraft:walk_on_water_one_cm":35336,"minecraft:total_world_time":64083,"minecraft:fall_one_cm":9525},"minecraft:broken":{"minecraft:stone_pickaxe":2,"minecraft:wooden_pickaxe":1},"minecraft:killed":{"minecraft:skeleton":8,"minecraft:zombie":3},"minecraft:crafted":{"minecraft:oak_planks":24,"minecraft:stone_shovel":1,"minecraft:crafting_table":1,"minecraft:wooden_pickaxe":1,"minecraft:iron_helmet":1,"minecraft:furnace":2,"minecraft:bucket":1,"minecraft:stone_axe":1,"minecraft:bread":117,"minecraft:air":0,"minecraft:iron_boots":1,"minecraft:iron_chestplate":1,"minecraft:shield":1,"minecraft:stick":20,"minecraft:iron_ingot":38,"minecraft:iron_pickaxe":1,"minecraft:stone_pickaxe":4,"minecraft:stone_sword":1,"minecraft:iron_leggings":1,"minecraft:torch":4,"minecraft:wheat":351},"minecraft:used":{"minecraft:water_bucket":51,"minecraft:stone_sword":51,"minecraft:stone_pickaxe":380,"minecraft:wooden_pickaxe":59,"minecraft:shield":13,"minecraft:torch":7,"minecraft:crafting_table":5,"minecraft:bread":6,"minecraft:iron_pickaxe":62,"minecraft:stone_axe":4,"minecraft:cobblestone":43,"minecraft:furnace":4,"minecraft:bucket":52,"minecraft:cobbled_deepslate":4}},"DataVersion":3465}