{"stats":{"minecraft:mined":{"minecraft:hay_block":39,"minecraft:iron_ore":9,"minecraft:crafting_table":2,"minecraft:torch":3,"minecraft:grass":5,"minecraft:grass_block":3,"minecraft:oak_wood":2,"minecraft:oak_log":17,"minecraft:coal_ore":18,"minecraft:gravel":1,"minecraft:dirt":11,"minecraft:tall_grass":2,"minecraft:stone":106,"minecraft:wall_torch":2},"minecraft:picked_up":{"minecraft:crafting_table":2,"swem:timothy_seeds":1,"minecraft:raw_iron":9,"minecraft:torch":5,"minecraft:gravel":10,"minecraft:oak_log":16,"tombstone:grave_dust":2,"minecraft:dirt":14,"minecraft:oak_wood":2,"minecraft:hay_block":39,"minecraft:spruce_sign":11,"swem:oat_seeds":1,"minecraft:coal":18,"minecraft:cobblestone":106},"minecraft:dropped":{"minecraft:spruce_sign":11,"swem:timothy_seeds":1,"alexsmobs:animal_dictionary":1,"tombstone:grave_dust":2,"bossominium:the_bossdexium":1,"swem:oat_seeds":1},"minecraft:custom":{"minecraft:time_since_rest":13762,"minecraft:interact_with_furnace":3,"minecraft:sprint_one_cm":45732,"minecraft:damage_taken":230,"minecraft:walk_one_cm":65293,"minecraft:mob_kills":1,"minecraft:drop":8,"minecraft:damage_dealt":79,"minecraft:interact_with_crafting_table":4,"minecraft:swim_one_cm":4310,"minecraft:fly_one_cm":61273,"minecraft:talked_to_villager":1,"minecraft:open_chest":3,"minecraft:play_time":26775,"minecraft:crouch_one_cm":1764,"tombstone:undead_killed":1,"minecraft:deaths":1,"minecraft:sneak_time":2586,"minecraft:walk_under_water_one_cm":676,"minecraft:jump":247,"minecraft:leave_game":3,"minecraft:time_since_death":20370,"minecraft:walk_on_water_one_cm":1554,"minecraft:sleep_in_bed":1,"minecraft:total_world_time":26775,"minecraft:fall_one_cm":4553},"minecraft:broken":{"minecraft:wooden_pickaxe":1},"minecraft:killed":{"minecraft:zombie":1},"minecraft:used":{"minecraft:stone_pickaxe":80,"minecraft:bread":1,"minecraft:wooden_pickaxe":59,"minecraft:torch":5,"minecraft:stone_axe":1,"minecraft:crafting_table":2,"minecraft:furnace":2},"minecraft:crafted":{"minecraft:oak_planks":24,"minecraft:stone_shovel":1,"minecraft:crafting_table":1,"minecraft:stick":16,"minecraft:wooden_pickaxe":1,"minecraft:stone_pickaxe":3,"minecraft:stone_sword":1,"minecraft:furnace":2,"minecraft:torch":4,"minecraft:stone_axe":1,"minecraft:bread":117,"minecraft:wheat":351}},"DataVersion":3465}