{
  "minecraft:recipes/combat/leather_helmet": {
    "criteria": {
      "has_leather": "2024-06-26 23:20:20 +0000"
    },
    "done": true
  },
  "minecraft:recipes/decorations/ladder": {
    "criteria": {
      "has_stick": "2024-06-26 22:48:19 +0000"
    },
    "done": true
  },
  "swem:recipes/misc/english_leg_wraps/english_leg_wraps_black_from_leg_wraps": {
    "criteria": {
      "has_english_leg_wraps": "2024-06-26 23:01:26 +0000"
    },
    "done": true
  },
  "regions_unexplored:recipes/transportation/maple_boat": {
    "criteria": {
      "in_water": "2024-06-26 22:47:03 +0000"
    },
    "done": true
  },
  "swem:recipes/misc/english_leg_wraps/english_leg_wraps_orange": {
    "criteria": {
      "has_english_leg_wraps": "2024-06-26 23:01:26 +0000"
    },
    "done": true
  },
  "vanillatweaks:root": {
    "criteria": {
      "tick": "2024-06-26 22:43:29 +0000"
    },
    "done": true
  },
  "minecraft:recipes/misc/emerald": {
    "criteria": {
      "has_emerald_block": "2024-06-26 22:48:44 +0000"
    },
    "done": true
  },
  "takesapillage:root": {
    "criteria": {
      "always": "2024-06-26 22:43:29 +0000"
    },
    "done": true
  },
  "swem:recipes/misc/english_leg_wraps/english_leg_wraps_blue_from_leg_wraps": {
    "criteria": {
      "has_english_leg_wraps": "2024-06-26 23:01:26 +0000"
    },
    "done": true
  },
  "swem:recipes/misc/english_leg_wraps/english_leg_wraps_purple": {
    "criteria": {
      "has_english_leg_wraps": "2024-06-26 23:01:26 +0000"
    },
    "done": true
  },
  "swem:recipes/misc/pasture_white_horse": {
    "criteria": {
      "has_iron_ingot": "2024-06-26 22:48:46 +0000"
    },
    "done": true
  },
  "mcwwindows:recipes/diorite": {
    "criteria": {
      "has_the_recipe": "2024-06-26 22:46:17 +0000"
    },
    "done": true
  },
  "swem:recipes/misc/english_blanket/english_blanket_magenta_from_blanket": {
    "criteria": {
      "has_english_blanket": "2024-06-26 23:01:26 +0000"
    },
    "done": true
  },
  "swem:recipes/misc/english_blanket/english_blanket_red": {
    "criteria": {
      "has_english_blanket": "2024-06-26 23:01:26 +0000"
    },
    "done": true
  },
  "mcwtrpdoors:recipes/metal/metal_warning_trapdoor": {
    "criteria": {
      "has_logs": "2024-06-26 22:48:46 +0000"
    },
    "done": true
  },
  "minecraft:recipes/tools/golden_axe": {
    "criteria": {
      "has_gold_ingot": "2024-06-26 22:48:47 +0000"
    },
    "done": true
  },
  "swem:recipes/misc/pasture_blanket/pasture_blanket_light_gray": {
    "criteria": {
      "has_pasture_blanket": "2024-06-26 23:01:26 +0000"
    },
    "done": true
  },
  "swem:recipes/misc/english_blanket/english_blanket_green": {
    "criteria": {
      "has_english_blanket": "2024-06-26 23:01:26 +0000"
    },
    "done": true
  },
  "mcwwindows:recipes/warped": {
    "criteria": {
      "has_the_recipe": "2024-06-26 22:46:17 +0000"
    },
    "done": true
  },
  "swem:recipes/misc/western_leg_wraps/western_leg_wraps_purple": {
    "criteria": {
      "has_western_leg_wraps": "2024-06-26 23:01:26 +0000"
    },
    "done": true
  },
  "swem:recipes/misc/pasture_blanket/pasture_blanket_red": {
    "criteria": {
      "has_pasture_blanket": "2024-06-26 23:01:26 +0000"
    },
    "done": true
  },
  "minecraft:recipes/tools/golden_pickaxe": {
    "criteria": {
      "has_gold_ingot": "2024-06-26 22:48:47 +0000"
    },
    "done": true
  },
  "swem:recipes/misc/pasture_blanket/pasture_blanket_armored_black": {
    "criteria": {
      "has_pasture_blanket_armored": "2024-06-26 23:01:26 +0000"
    },
    "done": true
  },
  "exoticbirds:recipes/nest": {
    "criteria": {
      "has_stick": "2024-06-26 22:48:19 +0000"
    },
    "done": true
  },
  "aquaculture:recipes/aquaculture/heavy_hook": {
    "criteria": {
      "has_items": "2024-06-26 22:43:28 +0000"
    },
    "done": true
  },
  "minecraft:recipes/building_blocks/lapis_block": {
    "criteria": {
      "has_lapis_lazuli": "2024-06-26 22:48:45 +0000"
    },
    "done": true
  },
  "minecraft:recipes/food/cooked_cod_from_smoking": {
    "criteria": {
      "has_cod": "2024-06-26 22:59:55 +0000"
    },
    "done": true
  },
  "aquaculture:recipes/decorations/birch_fish_mount": {
    "criteria": {
      "has_items": "2024-06-26 22:43:28 +0000"
    },
    "done": true
  },
  "exoticbirds:recipes/warped_birdcage": {
    "criteria": {
      "has_stick": "2024-06-26 22:48:19 +0000"
    },
    "done": true
  },
  "minecraft:recipes/building_blocks/raw_iron_block": {
    "criteria": {
      "has_raw_iron": "2024-06-26 23:07:36 +0000"
    },
    "done": true
  },
  "biomesoplenty:recipes/transportation/willow_boat": {
    "criteria": {
      "in_water": "2024-06-26 22:47:03 +0000"
    },
    "done": true
  },
  "swem:recipes/misc/pasture_cyan_care": {
    "criteria": {
      "has_iron_ingot": "2024-06-26 22:48:46 +0000"
    },
    "done": true
  },
  "minecraft:recipes/combat/diamond_sword": {
    "criteria": {
      "has_diamond": "2024-06-26 23:01:28 +0000"
    },
    "done": true
  },
  "minecraft:recipes/decorations/jukebox": {
    "criteria": {
      "has_diamond": "2024-06-26 23:01:28 +0000"
    },
    "done": true
  },
  "minecraft:recipes/misc/gold_nugget": {
    "criteria": {
      "has_gold_ingot": "2024-06-26 22:48:47 +0000"
    },
    "done": true
  },
  "swem:recipes/misc/english_blanket/english_blanket_orange": {
    "criteria": {
      "has_english_blanket": "2024-06-26 23:01:26 +0000"
    },
    "done": true
  },
  "mcwwindows:recipes/dark_oak": {
    "criteria": {
      "has_the_recipe": "2024-06-26 22:46:17 +0000"
    },
    "done": true
  },
  "swem:recipes/misc/english_leg_wraps/english_leg_wraps_gray": {
    "criteria": {
      "has_english_leg_wraps": "2024-06-26 23:01:26 +0000"
    },
    "done": true
  },
  "swem:recipes/misc/pasture_blanket/pasture_blanket_cyan": {
    "criteria": {
      "has_pasture_blanket": "2024-06-26 23:01:26 +0000"
    },
    "done": true
  },
  "minecraft:recipes/combat/iron_helmet": {
    "criteria": {
      "has_iron_ingot": "2024-06-26 22:48:46 +0000"
    },
    "done": true
  },
  "minecraft:recipes/tools/golden_shovel": {
    "criteria": {
      "has_gold_ingot": "2024-06-26 22:48:47 +0000"
    },
    "done": true
  },
  "swem:recipes/misc/pasture_magenta_care": {
    "criteria": {
      "has_iron_ingot": "2024-06-26 22:48:46 +0000"
    },
    "done": true
  },
  "aquaculture:recipes/misc/neptunium_ingot_from_neptunium_block": {
    "criteria": {
      "has_items": "2024-06-26 22:43:28 +0000"
    },
    "done": true
  },
  "swem:recipes/misc/pasture_brown_care": {
    "criteria": {
      "has_iron_ingot": "2024-06-26 22:48:46 +0000"
    },
    "done": true
  },
  "exoticbirds:recipes/phoenix_egg_from_nether_phoenix": {
    "criteria": {
      "has_egg": "2024-06-26 22:43:28 +0000"
    },
    "done": true
  },
  "minecraft:recipes/combat/diamond_chestplate": {
    "criteria": {
      "has_diamond": "2024-06-26 23:01:28 +0000"
    },
    "done": true
  },
  "minecraft:recipes/food/golden_apple": {
    "criteria": {
      "has_gold_ingot": "2024-06-26 22:48:47 +0000"
    },
    "done": true
  },
  "swem:recipes/misc/english_blanket/english_blanket_cyan_from_blanket": {
    "criteria": {
      "has_english_blanket": "2024-06-26 23:01:26 +0000"
    },
    "done": true
  },
  "mcwtrpdoors:recipes/oak/oak_swamp_trapdoor": {
    "criteria": {
      "has_logs": "2024-06-26 22:46:17 +0000"
    },
    "done": true
  },
  "handcrafted:recipes/misc/hammer": {
    "criteria": {
      "has_hammer": "2024-06-26 22:48:46 +0000"
    },
    "done": true
  },
  "minecraft:recipes/combat/golden_boots": {
    "criteria": {
      "has_gold_ingot": "2024-06-26 22:48:47 +0000"
    },
    "done": true
  },
  "minecraft:recipes/tools/wooden_axe": {
    "criteria": {
      "has_stick": "2024-06-26 22:48:19 +0000"
    },
    "done": true
  },
  "regions_unexplored:recipes/transportation/magnolia_boat": {
    "criteria": {
      "in_water": "2024-06-26 22:47:03 +0000"
    },
    "done": true
  },
  "swem:recipes/misc/pasture_lime_care": {
    "criteria": {
      "has_iron_ingot": "2024-06-26 22:48:46 +0000"
    },
    "done": true
  },
  "swem:recipes/misc/western_leg_wraps/western_leg_wraps_purple_from_leg_wraps": {
    "criteria": {
      "has_western_leg_wraps": "2024-06-26 23:01:26 +0000"
    },
    "done": true
  },
  "swem:recipes/misc/western_fence_acacia": {
    "criteria": {
      "has_stick": "2024-06-26 22:48:19 +0000"
    },
    "done": true
  },
  "swem:recipes/misc/english_blanket/english_blanket_white": {
    "criteria": {
      "has_english_blanket": "2024-06-26 23:01:26 +0000"
    },
    "done": true
  },
  "swem:recipes/misc/english_leg_wraps/english_leg_wraps_gray_from_leg_wraps": {
    "criteria": {
      "has_english_leg_wraps": "2024-06-26 23:01:26 +0000"
    },
    "done": true
  },
  "minecraft:recipes/combat/leather_chestplate": {
    "criteria": {
      "has_leather": "2024-06-26 23:20:20 +0000"
    },
    "done": true
  },
  "aquaculture:recipes/misc/iron_nugget_from_smelting": {
    "criteria": {
      "has_fishing_rod": "2024-06-26 22:43:28 +0000",
      "has_fillet_knife": "2024-06-26 22:43:28 +0000"
    },
    "done": true
  },
  "mcwtrpdoors:recipes/oak/oak_paper_trapdoor": {
    "criteria": {
      "has_logs": "2024-06-26 22:46:17 +0000"
    },
    "done": true
  },
  "exoticbirds:recipes/egg_incubator": {
    "criteria": {
      "has_bucket": "2024-06-26 22:43:28 +0000",
      "has_flint": "2024-06-26 22:43:28 +0000"
    },
    "done": true
  },
  "minecraft:recipes/decorations/crafting_table": {
    "criteria": {
      "unlock_right_away": "2024-06-26 22:43:29 +0000"
    },
    "done": true
  },
  "minecraft:recipes/misc/map": {
    "criteria": {
      "has_compass": "2024-06-26 23:11:39 +0000"
    },
    "done": true
  },
  "minecraft:recipes/decorations/chest": {
    "criteria": {
      "has_lots_of_items": "2024-06-26 22:48:29 +0000"
    },
    "done": true
  },
  "aquaculture:recipes/tools/golden_fishing_rod": {
    "criteria": {
      "has_vanilla_rod": "2024-06-26 22:43:28 +0000"
    },
    "done": true
  },
  "minecraft:recipes/tools/shears": {
    "criteria": {
      "has_iron_ingot": "2024-06-26 22:48:46 +0000"
    },
    "done": true
  },
  "mcwwindows:recipes/dark_prismarine": {
    "criteria": {
      "has_the_recipe": "2024-06-26 22:46:17 +0000"
    },
    "done": true
  },
  "swem:recipes/misc/pasture_blanket/pasture_blanket_purple_armored_from_blanket": {
    "criteria": {
      "has_pasture_blanket_armored": "2024-06-26 23:01:26 +0000"
    },
    "done": true
  },
  "minecraft:recipes/brewing/golden_carrot": {
    "criteria": {
      "has_gold_nugget": "2024-06-26 23:19:37 +0000"
    },
    "done": true
  },
  "naturalist:recipes/food/cooked_egg": {
    "criteria": {
      "has_eggs": "2024-06-26 22:43:28 +0000"
    },
    "done": true
  },
  "aquaculture:recipes/misc/gold_nugget_from_smelting": {
    "criteria": {
      "has_fishing_rod": "2024-06-26 22:43:28 +0000",
      "has_fillet_knife": "2024-06-26 22:43:28 +0000"
    },
    "done": true
  },
  "swem:recipes/misc/pasture_lime_horse": {
    "criteria": {
      "has_iron_ingot": "2024-06-26 22:48:46 +0000"
    },
    "done": true
  },
  "minecraft:recipes/redstone/lectern": {
    "criteria": {
      "has_book": "2024-06-26 22:50:03 +0000"
    },
    "done": true
  },
  "exoticbirds:recipes/crimson_birdcage": {
    "criteria": {
      "has_stick": "2024-06-26 22:48:19 +0000"
    },
    "done": true
  },
  "swem:recipes/misc/pasture_light_gray_horse": {
    "criteria": {
      "has_iron_ingot": "2024-06-26 22:48:46 +0000"
    },
    "done": true
  },
  "minecraft:adventure/sleep_in_bed": {
    "criteria": {
      "slept_in_bed": "2024-06-26 22:49:03 +0000"
    },
    "done": true
  },
  "minecraft:recipes/transportation/cherry_boat": {
    "criteria": {
      "in_water": "2024-06-26 22:47:03 +0000"
    },
    "done": true
  },
  "exoticbirds:recipes/phoenix_egg_from_twilight_phoenix": {
    "criteria": {
      "has_egg": "2024-06-26 22:43:28 +0000"
    },
    "done": true
  },
  "swem:recipes/misc/english_blanket/english_blanket_magenta": {
    "criteria": {
      "has_english_blanket": "2024-06-26 23:01:26 +0000"
    },
    "done": true
  },
  "minecraft:recipes/tools/diamond_pickaxe": {
    "criteria": {
      "has_diamond": "2024-06-26 23:01:28 +0000"
    },
    "done": true
  },
  "minecraft:adventure/kill_all_mobs": {
    "criteria": {
      "minecraft:pillager": "2024-06-26 23:19:54 +0000",
      "minecraft:vindicator": "2024-06-26 23:25:14 +0000",
      "minecraft:zombie": "2024-06-26 23:02:15 +0000"
    },
    "done": false
  },
  "astikorcarts:recipes/supply_cart": {
    "criteria": {
      "has_wheel": "2024-06-26 22:43:28 +0000"
    },
    "done": true
  },
  "minecraft:recipes/combat/golden_chestplate": {
    "criteria": {
      "has_gold_ingot": "2024-06-26 22:48:47 +0000"
    },
    "done": true
  },
  "biomesoplenty:recipes/transportation/umbran_boat": {
    "criteria": {
      "in_water": "2024-06-26 22:47:03 +0000"
    },
    "done": true
  },
  "swem:recipes/misc/pasture_blanket/pasture_blanket_yellow": {
    "criteria": {
      "has_pasture_blanket": "2024-06-26 23:01:26 +0000"
    },
    "done": true
  },
  "swem:recipes/misc/english_leg_wraps/english_leg_wraps_red_from_leg_wraps": {
    "criteria": {
      "has_english_leg_wraps": "2024-06-26 23:01:26 +0000"
    },
    "done": true
  },
  "minecraft:recipes/building_blocks/iron_block": {
    "criteria": {
      "has_iron_ingot": "2024-06-26 22:48:46 +0000"
    },
    "done": true
  },
  "swem:recipes/misc/western_leg_wraps/western_leg_wraps_red_from_leg_wraps": {
    "criteria": {
      "has_western_leg_wraps": "2024-06-26 23:01:26 +0000"
    },
    "done": true
  },
  "mowziesmobs:root": {
    "criteria": {
      "custom_test_name": "2024-06-26 22:43:29 +0000"
    },
    "done": true
  },
  "swem:recipes/misc/wheel_barrow_brown": {
    "criteria": {
      "has_bucket": "2024-06-26 23:02:53 +0000"
    },
    "done": true
  },
  "vanillatweaks:custom_nether_portals": {
    "criteria": {
      "tick": "2024-06-26 22:43:29 +0000"
    },
    "done": true
  },
  "swem:recipes/misc/wheel_barrow_gray": {
    "criteria": {
      "has_bucket": "2024-06-26 23:02:53 +0000"
    },
    "done": true
  },
  "mcwwindows:recipes/components": {
    "criteria": {
      "has_wood": "2024-06-26 22:46:17 +0000"
    },
    "done": true
  },
  "swem:recipes/misc/western_leg_wraps/western_leg_wraps_brown": {
    "criteria": {
      "has_western_leg_wraps": "2024-06-26 23:01:26 +0000"
    },
    "done": true
  },
  "swem:recipes/misc/western_leg_wraps/western_leg_wraps_white_from_leg_wraps": {
    "criteria": {
      "has_western_leg_wraps": "2024-06-26 23:01:26 +0000"
    },
    "done": true
  },
  "minecraft:recipes/transportation/bamboo_raft": {
    "criteria": {
      "in_water": "2024-06-26 22:47:03 +0000"
    },
    "done": true
  },
  "aquaculture:recipes/misc/bonemeal_from_fish_bones": {
    "criteria": {
      "has_items": "2024-06-26 22:43:28 +0000"
    },
    "done": true
  },
  "swem:recipes/misc/tack_box_cyan": {
    "criteria": {
      "has_iron_ingot": "2024-06-26 22:48:46 +0000"
    },
    "done": true
  },
  "minecraft:recipes/misc/writable_book": {
    "criteria": {
      "has_book": "2024-06-26 22:50:03 +0000"
    },
    "done": true
  },
  "swem:recipes/misc/plate_diamond": {
    "criteria": {
      "has_ingredient": "2024-06-26 23:01:28 +0000"
    },
    "done": true
  },
  "swem:recipes/misc/tack_box_lime": {
    "criteria": {
      "has_iron_ingot": "2024-06-26 22:48:46 +0000"
    },
    "done": true
  },
  "minecraft:recipes/food/bread": {
    "criteria": {
      "has_wheat": "2024-06-26 22:48:20 +0000"
    },
    "done": true
  },
  "biomesoplenty:recipes/transportation/dead_boat": {
    "criteria": {
      "in_water": "2024-06-26 22:47:03 +0000"
    },
    "done": true
  },
  "minecraft:recipes/misc/diamond_uncraft_rivet": {
    "criteria": {
      "has_rivet": "2024-06-26 23:14:50 +0000"
    },
    "done": true
  },
  "biomesoplenty:recipes/transportation/magic_boat": {
    "criteria": {
      "in_water": "2024-06-26 22:47:03 +0000"
    },
    "done": true
  },
  "tombstone:adventure/fortuitous_militia": {
    "criteria": {
      "coded_trigger": "2024-06-26 23:27:42 +0000"
    },
    "done": true
  },
  "minecraft:recipes/building_blocks/hay_block": {
    "criteria": {
      "has_wheat": "2024-06-26 22:48:20 +0000"
    },
    "done": true
  },
  "minecraft:recipes/misc/leather_horse_armor": {
    "criteria": {
      "has_leather": "2024-06-26 23:20:20 +0000"
    },
    "done": true
  },
  "swem:recipes/misc/tack_box_blue": {
    "criteria": {
      "has_iron_ingot": "2024-06-26 22:48:46 +0000"
    },
    "done": true
  },
  "minecraft:recipes/redstone/target": {
    "criteria": {
      "has_hay_block": "2024-06-26 22:52:11 +0000"
    },
    "done": true
  },
  "swem:recipes/misc/english_blanket/english_blanket_black": {
    "criteria": {
      "has_english_blanket": "2024-06-26 23:01:26 +0000"
    },
    "done": true
  },
  "swem:recipes/misc/english_blanket/english_blanket_blue_from_blanket": {
    "criteria": {
      "has_english_blanket": "2024-06-26 23:01:26 +0000"
    },
    "done": true
  },
  "minecraft:recipes/tools/diamond_hoe": {
    "criteria": {
      "has_diamond": "2024-06-26 23:01:28 +0000"
    },
    "done": true
  },
  "minecraft:recipes/tools/diamond_shovel": {
    "criteria": {
      "has_diamond": "2024-06-26 23:01:28 +0000"
    },
    "done": true
  },
  "tombstone:adventure/first_knowledge": {
    "criteria": {
      "coded_trigger": "2024-06-26 23:15:10 +0000"
    },
    "done": true
  },
  "swem:recipes/misc/english_leg_wraps/english_leg_wraps_purple_from_leg_wraps": {
    "criteria": {
      "has_english_leg_wraps": "2024-06-26 23:01:26 +0000"
    },
    "done": true
  },
  "regions_unexplored:recipes/transportation/kapok_boat": {
    "criteria": {
      "in_water": "2024-06-26 22:47:03 +0000"
    },
    "done": true
  },
  "swem:recipes/misc/western_leg_wraps/western_leg_wraps_green_from_leg_wraps": {
    "criteria": {
      "has_western_leg_wraps": "2024-06-26 23:01:26 +0000"
    },
    "done": true
  },
  "mcwbridges:recipes/iron_bridge_pier": {
    "criteria": {
      "has_planks": "2024-06-26 22:48:46 +0000"
    },
    "done": true
  },
  "swem:recipes/misc/rivet_gold": {
    "criteria": {
      "has_ingredient": "2024-06-26 22:48:47 +0000"
    },
    "done": true
  },
  "minecraft:recipes/redstone/light_weighted_pressure_plate": {
    "criteria": {
      "has_gold_ingot": "2024-06-26 22:48:47 +0000"
    },
    "done": true
  },
  "minecraft:recipes/misc/diamond_uncraft_plate": {
    "criteria": {
      "has_plate": "2024-06-26 23:16:28 +0000"
    },
    "done": true
  },
  "swem:recipes/misc/wheel_barrow_orange": {
    "criteria": {
      "has_bucket": "2024-06-26 23:02:53 +0000"
    },
    "done": true
  },
  "regions_unexplored:recipes/transportation/cypress_boat": {
    "criteria": {
      "in_water": "2024-06-26 22:47:03 +0000"
    },
    "done": true
  },
  "swem:recipes/misc/pasture_fence_whitewash": {
    "criteria": {
      "has_stick": "2024-06-26 22:48:19 +0000"
    },
    "done": true
  },
  "mcwwindows:recipes/birch": {
    "criteria": {
      "has_the_recipe": "2024-06-26 22:46:17 +0000"
    },
    "done": true
  },
  "swem:recipes/misc/english_blanket/english_blanket_pink": {
    "criteria": {
      "has_english_blanket": "2024-06-26 23:01:26 +0000"
    },
    "done": true
  },
  "swem:recipes/misc/pasture_blanket/pasture_blanket_magenta_armored_from_blanket": {
    "criteria": {
      "has_pasture_blanket_armored": "2024-06-26 23:01:26 +0000"
    },
    "done": true
  },
  "swem:recipes/misc/western_leg_wraps/western_leg_wraps_pink": {
    "criteria": {
      "has_western_leg_wraps": "2024-06-26 23:01:26 +0000"
    },
    "done": true
  },
  "mcwtrpdoors:recipes/oak/oak_glass_trapdoor": {
    "criteria": {
      "has_logs": "2024-06-26 22:46:17 +0000"
    },
    "done": true
  },
  "exoticbirds:recipes/phoenix_egg_from_cloud_phoenix": {
    "criteria": {
      "has_egg": "2024-06-26 22:43:28 +0000"
    },
    "done": true
  },
  "tropicraft:recipes/decorations/bamboo_item_frame": {
    "criteria": {
      "has_leather": "2024-06-26 23:20:20 +0000"
    },
    "done": true
  },
  "mcwwindows:recipes/cherry": {
    "criteria": {
      "has_the_recipe": "2024-06-26 22:46:17 +0000"
    },
    "done": true
  },
  "mcwtrpdoors:recipes/oak/oak_mystic_trapdoor": {
    "criteria": {
      "has_logs": "2024-06-26 22:46:17 +0000"
    },
    "done": true
  },
  "swem:recipes/misc/tack_box_orange": {
    "criteria": {
      "has_iron_ingot": "2024-06-26 22:48:46 +0000"
    },
    "done": true
  },
  "swem:recipes/misc/wheel_barrow_magenta": {
    "criteria": {
      "has_bucket": "2024-06-26 23:02:53 +0000"
    },
    "done": true
  },
  "swem:recipes/misc/english_blanket/english_blanket_gray": {
    "criteria": {
      "has_english_blanket": "2024-06-26 23:01:26 +0000"
    },
    "done": true
  },
  "minecraft:recipes/redstone/hopper": {
    "criteria": {
      "has_iron_ingot": "2024-06-26 22:48:46 +0000"
    },
    "done": true
  },
  "swem:recipes/misc/tack_box_purple": {
    "criteria": {
      "has_iron_ingot": "2024-06-26 22:48:46 +0000"
    },
    "done": true
  },
  "swem:recipes/misc/english_leg_wraps/english_leg_wraps_light_blue": {
    "criteria": {
      "has_english_leg_wraps": "2024-06-26 23:01:26 +0000"
    },
    "done": true
  },
  "swem:recipes/misc/english_leg_wraps/english_leg_wraps_cyan_from_leg_wraps": {
    "criteria": {
      "has_english_leg_wraps": "2024-06-26 23:01:26 +0000"
    },
    "done": true
  },
  "swem:recipes/misc/western_leg_wraps/western_leg_wraps_light_blue_from_leg_wraps": {
    "criteria": {
      "has_western_leg_wraps": "2024-06-26 23:01:26 +0000"
    },
    "done": true
  },
  "aquaculture:recipes/misc/brown_mushroom_from_fish": {
    "criteria": {
      "has_items": "2024-06-26 22:43:28 +0000"
    },
    "done": true
  },
  "sophisticatedbackpacks:recipes/misc/backpack": {
    "criteria": {
      "has_leather": "2024-06-26 23:20:20 +0000"
    },
    "done": true
  },
  "swem:recipes/misc/pasture_blanket/pasture_blanket_green": {
    "criteria": {
      "has_pasture_blanket": "2024-06-26 23:01:26 +0000"
    },
    "done": true
  },
  "exoticbirds:recipes/phoenix_egg_from_desert_phoenix": {
    "criteria": {
      "has_egg": "2024-06-26 22:43:28 +0000"
    },
    "done": true
  },
  "astikorcarts:recipes/plow": {
    "criteria": {
      "has_wheel": "2024-06-26 22:43:28 +0000"
    },
    "done": true
  },
  "swem:recipes/misc/english_leg_wraps/english_leg_wraps_white": {
    "criteria": {
      "has_english_leg_wraps": "2024-06-26 23:01:26 +0000"
    },
    "done": true
  },
  "swem:recipes/misc/western_leg_wraps/western_leg_wraps_white": {
    "criteria": {
      "has_western_leg_wraps": "2024-06-26 23:01:26 +0000"
    },
    "done": true
  },
  "swem:recipes/misc/western_leg_wraps/western_leg_wraps_gray_from_leg_wraps": {
    "criteria": {
      "has_western_leg_wraps": "2024-06-26 23:01:26 +0000"
    },
    "done": true
  },
  "minecraft:recipes/combat/iron_boots": {
    "criteria": {
      "has_iron_ingot": "2024-06-26 22:48:46 +0000"
    },
    "done": true
  },
  "spawn:recipes/tuna/tuna_sandwich_from_bread": {
    "criteria": {
      "has_item": "2024-06-26 22:48:19 +0000"
    },
    "done": true
  },
  "swem:recipes/misc/pasture_blanket/pasture_blanket_black": {
    "criteria": {
      "has_pasture_blanket": "2024-06-26 23:01:26 +0000"
    },
    "done": true
  },
  "mcwtrpdoors:recipes/oak/oak_beach_trapdoor": {
    "criteria": {
      "has_logs": "2024-06-26 22:46:17 +0000"
    },
    "done": true
  },
  "dungeons_arise:wda_root": {
    "criteria": {
      "WDA": "2024-06-26 22:43:29 +0000"
    },
    "done": true
  },
  "minecraft:recipes/decorations/lantern": {
    "criteria": {
      "has_iron_ingot": "2024-06-26 22:48:46 +0000"
    },
    "done": true
  },
  "swem:recipes/misc/pasture_blanket/pasture_blanket_armored_yellow": {
    "criteria": {
      "has_pasture_blanket_armored": "2024-06-26 23:01:26 +0000"
    },
    "done": true
  },
  "regions_unexplored:recipes/transportation/larch_boat": {
    "criteria": {
      "in_water": "2024-06-26 22:47:03 +0000"
    },
    "done": true
  },
  "swem:recipes/misc/pasture_blue_care": {
    "criteria": {
      "has_iron_ingot": "2024-06-26 22:48:46 +0000"
    },
    "done": true
  },
  "exoticbirds:recipes/pigeon_backpack": {
    "criteria": {
      "has_leather": "2024-06-26 23:20:20 +0000"
    },
    "done": true
  },
  "minecraft:recipes/food/rabbit_stew_from_brown_mushroom": {
    "criteria": {
      "has_cooked_rabbit": "2024-06-26 22:59:33 +0000"
    },
    "done": true
  },
  "swem:recipes/misc/english_leg_wraps/english_leg_wraps_yellow_from_leg_wraps": {
    "criteria": {
      "has_english_leg_wraps": "2024-06-26 23:01:26 +0000"
    },
    "done": true
  },
  "nova_structures:adventure/find_tavern": {
    "criteria": {
      "nova_structures:tavern_oak": "2024-06-26 22:58:09 +0000"
    },
    "done": true
  },
  "minecraft:recipes/decorations/campfire": {
    "criteria": {
      "has_stick": "2024-06-26 22:48:19 +0000"
    },
    "done": true
  },
  "swem:recipes/misc/pasture_gray_care": {
    "criteria": {
      "has_iron_ingot": "2024-06-26 22:48:46 +0000"
    },
    "done": true
  },
  "aquaculture:recipes/tools/wooden_fillet_knife": {
    "criteria": {
      "has_items": "2024-06-26 22:48:19 +0000"
    },
    "done": true
  },
  "swem:recipes/misc/pasture_green_horse": {
    "criteria": {
      "has_iron_ingot": "2024-06-26 22:48:46 +0000"
    },
    "done": true
  },
  "swem:recipes/misc/western_leg_wraps/western_leg_wraps_blue_from_leg_wraps": {
    "criteria": {
      "has_western_leg_wraps": "2024-06-26 23:01:26 +0000"
    },
    "done": true
  },
  "minecraft:recipes/tools/wooden_hoe": {
    "criteria": {
      "has_stick": "2024-06-26 22:48:19 +0000"
    },
    "done": true
  },
  "minecraft:recipes/misc/charcoal": {
    "criteria": {
      "has_log": "2024-06-26 22:46:17 +0000"
    },
    "done": true
  },
  "swem:recipes/misc/pasture_blanket/pasture_blanket_gray_armored_from_blanket": {
    "criteria": {
      "has_pasture_blanket_armored": "2024-06-26 23:01:26 +0000"
    },
    "done": true
  },
  "minecraft:recipes/tools/iron_shovel": {
    "criteria": {
      "has_iron_ingot": "2024-06-26 22:48:46 +0000"
    },
    "done": true
  },
  "swem:recipes/misc/western_fence_spruce": {
    "criteria": {
      "has_stick": "2024-06-26 22:48:19 +0000"
    },
    "done": true
  },
  "minecraft:recipes/decorations/item_frame": {
    "criteria": {
      "has_leather": "2024-06-26 23:20:20 +0000"
    },
    "done": true
  },
  "mcwdoors:recipes/metal": {
    "criteria": {
      "has_wood": "2024-06-26 22:48:46 +0000"
    },
    "done": true
  },
  "swem:recipes/misc/english_leg_wraps/english_leg_wraps_brown_from_leg_wraps": {
    "criteria": {
      "has_english_leg_wraps": "2024-06-26 23:01:26 +0000"
    },
    "done": true
  },
  "minecraft:recipes/combat/diamond_helmet": {
    "criteria": {
      "has_diamond": "2024-06-26 23:01:28 +0000"
    },
    "done": true
  },
  "aquaculture:recipes/misc/neptinium_ingot_from_blasting": {
    "criteria": {
      "has_leggings": "2024-06-26 22:43:28 +0000",
      "has_axe": "2024-06-26 22:43:28 +0000",
      "has_helmet": "2024-06-26 22:43:28 +0000",
      "has_fishing_rod": "2024-06-26 22:43:28 +0000",
      "has_bow": "2024-06-26 22:43:28 +0000",
      "has_chestplate": "2024-06-26 22:43:28 +0000",
      "has_sword": "2024-06-26 22:43:28 +0000",
      "has_fillet_knife": "2024-06-26 22:43:28 +0000",
      "has_shovel": "2024-06-26 22:43:28 +0000",
      "has_hoe": "2024-06-26 22:43:28 +0000",
      "has_boots": "2024-06-26 22:43:28 +0000",
      "has_pickaxe": "2024-06-26 22:43:28 +0000"
    },
    "done": true
  },
  "swem:recipes/misc/western_leg_wraps/western_leg_wraps_brown_from_leg_wraps": {
    "criteria": {
      "has_western_leg_wraps": "2024-06-26 23:01:26 +0000"
    },
    "done": true
  },
  "swem:recipes/misc/english_leg_wraps/english_leg_wraps_pink": {
    "criteria": {
      "has_english_leg_wraps": "2024-06-26 23:01:26 +0000"
    },
    "done": true
  },
  "swem:recipes/misc/pasture_blanket/pasture_blanket_armored_light_blue": {
    "criteria": {
      "has_pasture_blanket_armored": "2024-06-26 23:01:26 +0000"
    },
    "done": true
  },
  "swem:recipes/misc/pasture_fence_acacia": {
    "criteria": {
      "has_stick": "2024-06-26 22:48:19 +0000"
    },
    "done": true
  },
  "regions_unexplored:recipes/decorations/oak_branch_from_oak_log": {
    "criteria": {
      "has_log": "2024-06-26 22:46:17 +0000"
    },
    "done": true
  },
  "swem:recipes/misc/wheel_barrow_blue": {
    "criteria": {
      "has_bucket": "2024-06-26 23:02:53 +0000"
    },
    "done": true
  },
  "swem:recipes/misc/pasture_blanket/pasture_blanket_light_blue": {
    "criteria": {
      "has_pasture_blanket": "2024-06-26 23:01:26 +0000"
    },
    "done": true
  },
  "aquaculture:recipes/decorations/dark_oak_fish_mount": {
    "criteria": {
      "has_items": "2024-06-26 22:43:28 +0000"
    },
    "done": true
  },
  "swem:recipes/misc/western_leg_wraps/western_leg_wraps_green": {
    "criteria": {
      "has_western_leg_wraps": "2024-06-26 23:01:26 +0000"
    },
    "done": true
  },
  "exoticbirds:recipes/jungle_birdcage": {
    "criteria": {
      "has_stick": "2024-06-26 22:48:19 +0000"
    },
    "done": true
  },
  "mcwwindows:recipes/spruce": {
    "criteria": {
      "has_the_recipe": "2024-06-26 22:46:17 +0000"
    },
    "done": true
  },
  "swem:recipes/misc/wheel_barrow_lime": {
    "criteria": {
      "has_bucket": "2024-06-26 23:02:53 +0000"
    },
    "done": true
  },
  "swem:recipes/misc/english_leg_wraps/english_leg_wraps_magenta_from_leg_wraps": {
    "criteria": {
      "has_english_leg_wraps": "2024-06-26 23:01:26 +0000"
    },
    "done": true
  },
  "swem:recipes/misc/english_blanket/english_blanket_red_from_blanket": {
    "criteria": {
      "has_english_blanket": "2024-06-26 23:01:26 +0000"
    },
    "done": true
  },
  "mcwtrpdoors:recipes/metal/metal_full_trapdoor": {
    "criteria": {
      "has_logs": "2024-06-26 22:48:46 +0000"
    },
    "done": true
  },
  "mcwbridges:recipes/bridge_lantern": {
    "criteria": {
      "has_planks": "2024-06-26 22:52:41 +0000"
    },
    "done": true
  },
  "swem:recipes/misc/western_leg_wraps/western_leg_wraps_light_gray": {
    "criteria": {
      "has_western_leg_wraps": "2024-06-26 23:01:26 +0000"
    },
    "done": true
  },
  "swem:recipes/misc/pasture_blanket/pasture_blanket_red_armored_from_blanket": {
    "criteria": {
      "has_pasture_blanket_armored": "2024-06-26 23:01:26 +0000"
    },
    "done": true
  },
  "minecraft:recipes/combat/golden_sword": {
    "criteria": {
      "has_gold_ingot": "2024-06-26 22:48:47 +0000"
    },
    "done": true
  },
  "minecraft:recipes/tools/wooden_shovel": {
    "criteria": {
      "has_stick": "2024-06-26 22:48:19 +0000"
    },
    "done": true
  },
  "swem:recipes/misc/western_leg_wraps/western_leg_wraps_yellow_from_leg_wraps": {
    "criteria": {
      "has_western_leg_wraps": "2024-06-26 23:01:26 +0000"
    },
    "done": true
  },
  "swem:recipes/misc/english_leg_wraps/english_leg_wraps_black": {
    "criteria": {
      "has_english_leg_wraps": "2024-06-26 23:01:26 +0000"
    },
    "done": true
  },
  "minecraft:recipes/redstone/dispenser": {
    "criteria": {
      "has_bow": "2024-06-26 22:57:35 +0000"
    },
    "done": true
  },
  "mcwbridges:recipes/iron_bridge": {
    "criteria": {
      "has_planks": "2024-06-26 22:48:46 +0000"
    },
    "done": true
  },
  "swem:recipes/misc/pasture_pink_care": {
    "criteria": {
      "has_iron_ingot": "2024-06-26 22:48:46 +0000"
    },
    "done": true
  },
  "minecraft:recipes/building_blocks/gold_block": {
    "criteria": {
      "has_gold_ingot": "2024-06-26 22:48:47 +0000"
    },
    "done": true
  },
  "minecraft:recipes/brewing/cauldron": {
    "criteria": {
      "has_water_bucket": "2024-06-26 22:59:54 +0000"
    },
    "done": true
  },
  "swem:recipes/misc/pasture_blanket/pasture_blanket_pink": {
    "criteria": {
      "has_pasture_blanket": "2024-06-26 23:01:26 +0000"
    },
    "done": true
  },
  "minecraft:recipes/transportation/acacia_boat": {
    "criteria": {
      "in_water": "2024-06-26 22:47:03 +0000"
    },
    "done": true
  },
  "minecraft:recipes/redstone/iron_trapdoor": {
    "criteria": {
      "has_iron_ingot": "2024-06-26 22:48:46 +0000"
    },
    "done": true
  },
  "minecraft:adventure/root": {
    "criteria": {
      "killed_something": "2024-06-26 23:02:15 +0000"
    },
    "done": true
  },
  "aquaculture:recipes/decorations/acacia_fish_mount": {
    "criteria": {
      "has_items": "2024-06-26 22:43:28 +0000"
    },
    "done": true
  },
  "swem:recipes/misc/pasture_blue_horse": {
    "criteria": {
      "has_iron_ingot": "2024-06-26 22:48:46 +0000"
    },
    "done": true
  },
  "swem:recipes/misc/pasture_blanket/pasture_blanket_white": {
    "criteria": {
      "has_pasture_blanket": "2024-06-26 23:01:26 +0000"
    },
    "done": true
  },
  "minecraft:recipes/misc/iron_ingot_from_blasting_raw_iron": {
    "criteria": {
      "has_raw_iron": "2024-06-26 23:07:36 +0000"
    },
    "done": true
  },
  "mcwtrpdoors:recipes/oak/oak_cottage_trapdoor": {
    "criteria": {
      "has_logs": "2024-06-26 22:46:17 +0000"
    },
    "done": true
  },
  "handcrafted:recipes/misc/stackable_book": {
    "criteria": {
      "has_stackable_book": "2024-06-26 22:50:03 +0000"
    },
    "done": true
  },
  "minecraft:recipes/combat/wooden_sword": {
    "criteria": {
      "has_stick": "2024-06-26 22:48:19 +0000"
    },
    "done": true
  },
  "minecraft:recipes/building_blocks/oak_planks": {
    "criteria": {
      "has_logs": "2024-06-26 22:46:17 +0000"
    },
    "done": true
  },
  "swem:recipes/misc/pasture_blanket/pasture_blanket_armored_light_gray": {
    "criteria": {
      "has_pasture_blanket_armored": "2024-06-26 23:01:26 +0000"
    },
    "done": true
  },
  "swem:recipes/misc/pasture_purple_horse": {
    "criteria": {
      "has_iron_ingot": "2024-06-26 22:48:46 +0000"
    },
    "done": true
  },
  "aquaculture:recipes/aquaculture/diamond_hook": {
    "criteria": {
      "has_items": "2024-06-26 22:43:28 +0000"
    },
    "done": true
  },
  "minecraft:recipes/combat/crossbow": {
    "criteria": {
      "has_iron_ingot": "2024-06-26 22:48:46 +0000"
    },
    "done": true
  },
  "aquaculture:recipes/food/sushi": {
    "criteria": {
      "has_alt_items": "2024-06-26 22:43:28 +0000",
      "has_items": "2024-06-26 22:43:28 +0000"
    },
    "done": true
  },
  "swem:recipes/misc/pasture_blanket/pasture_blanket_lime_armored_from_blanket": {
    "criteria": {
      "has_pasture_blanket_armored": "2024-06-26 23:01:26 +0000"
    },
    "done": true
  },
  "swem:recipes/misc/tack_box_magenta": {
    "criteria": {
      "has_iron_ingot": "2024-06-26 22:48:46 +0000"
    },
    "done": true
  },
  "minecraft:recipes/combat/leather_boots": {
    "criteria": {
      "has_leather": "2024-06-26 23:20:20 +0000"
    },
    "done": true
  },
  "swem:recipes/misc/english_leg_wraps/english_leg_wraps_light_blue_from_leg_wraps": {
    "criteria": {
      "has_english_leg_wraps": "2024-06-26 23:01:26 +0000"
    },
    "done": true
  },
  "minecraft:recipes/building_blocks/diamond_block": {
    "criteria": {
      "has_diamond": "2024-06-26 23:01:28 +0000"
    },
    "done": true
  },
  "swem:recipes/misc/english_blanket/english_blanket_pink_from_blanket": {
    "criteria": {
      "has_english_blanket": "2024-06-26 23:01:26 +0000"
    },
    "done": true
  },
  "swem:recipes/misc/english_blanket/english_blanket_purple": {
    "criteria": {
      "has_english_blanket": "2024-06-26 23:01:26 +0000"
    },
    "done": true
  },
  "mcwwindows:recipes/stone": {
    "criteria": {
      "has_the_recipe": "2024-06-26 22:46:17 +0000"
    },
    "done": true
  },
  "swem:recipes/misc/wheel_barrow_light_gray": {
    "criteria": {
      "has_bucket": "2024-06-26 23:02:53 +0000"
    },
    "done": true
  },
  "tropicraft:recipes/tools/water_wand": {
    "criteria": {
      "has_gold_ingot": "2024-06-26 22:48:47 +0000"
    },
    "done": true
  },
  "swem:recipes/misc/pasture_cyan_horse": {
    "criteria": {
      "has_iron_ingot": "2024-06-26 22:48:46 +0000"
    },
    "done": true
  },
  "exoticbirds:recipes/gold_birdcage": {
    "criteria": {
      "has_stick": "2024-06-26 22:48:19 +0000"
    },
    "done": true
  },
  "mcwtrpdoors:recipes/oak/oak_barn_trapdoor": {
    "criteria": {
      "has_logs": "2024-06-26 22:46:17 +0000"
    },
    "done": true
  },
  "swem:recipes/misc/english_blanket/english_blanket_gray_from_blanket": {
    "criteria": {
      "has_english_blanket": "2024-06-26 23:01:26 +0000"
    },
    "done": true
  },
  "exoticbirds:recipes/phoenix_egg_from_ender_phoenix": {
    "criteria": {
      "has_egg": "2024-06-26 22:43:28 +0000"
    },
    "done": true
  },
  "aquaculture:recipes/tools/gold_fillet_knife": {
    "criteria": {
      "has_items": "2024-06-26 22:48:47 +0000"
    },
    "done": true
  },
  "swem:recipes/misc/pasture_blanket/pasture_blanket_armored_pink": {
    "criteria": {
      "has_pasture_blanket_armored": "2024-06-26 23:01:26 +0000"
    },
    "done": true
  },
  "mcwwindows:recipes/crimson": {
    "criteria": {
      "has_the_recipe": "2024-06-26 22:46:17 +0000"
    },
    "done": true
  },
  "swem:recipes/misc/western_fence_oak": {
    "criteria": {
      "has_stick": "2024-06-26 22:48:19 +0000"
    },
    "done": true
  },
  "swem:recipes/misc/western_leg_wraps/western_leg_wraps_gray": {
    "criteria": {
      "has_western_leg_wraps": "2024-06-26 23:01:26 +0000"
    },
    "done": true
  },
  "aquaculture:recipes/aquaculture/light_hook": {
    "criteria": {
      "has_items": "2024-06-26 22:43:28 +0000"
    },
    "done": true
  },
  "swem:recipes/misc/western_leg_wraps/western_leg_wraps_red": {
    "criteria": {
      "has_western_leg_wraps": "2024-06-26 23:01:26 +0000"
    },
    "done": true
  },
  "swem:recipes/misc/pasture_blanket/pasture_blanket_armored_white": {
    "criteria": {
      "has_pasture_blanket_armored": "2024-06-26 23:01:26 +0000"
    },
    "done": true
  },
  "swem:recipes/misc/wheel_barrow_cyan": {
    "criteria": {
      "has_bucket": "2024-06-26 23:02:53 +0000"
    },
    "done": true
  },
  "swem:recipes/misc/pasture_blanket/pasture_blanket_armored_green": {
    "criteria": {
      "has_pasture_blanket_armored": "2024-06-26 23:01:26 +0000"
    },
    "done": true
  },
  "aquaculture:recipes/misc/red_mushroom_from_fish": {
    "criteria": {
      "has_items": "2024-06-26 22:43:28 +0000"
    },
    "done": true
  },
  "mcwtrpdoors:recipes/oak/oak_barred_trapdoor": {
    "criteria": {
      "has_logs": "2024-06-26 22:46:17 +0000"
    },
    "done": true
  },
  "aquaculture:recipes/building_blocks/planks_from_driftwood": {
    "criteria": {
      "has_items": "2024-06-26 22:43:28 +0000"
    },
    "done": true
  },
  "swem:recipes/misc/western_leg_wraps/western_leg_wraps_orange": {
    "criteria": {
      "has_western_leg_wraps": "2024-06-26 23:01:26 +0000"
    },
    "done": true
  },
  "swem:recipes/misc/western_leg_wraps/western_leg_wraps_black_from_leg_wraps": {
    "criteria": {
      "has_western_leg_wraps": "2024-06-26 23:01:26 +0000"
    },
    "done": true
  },
  "minecraft:story/mine_diamond": {
    "criteria": {
      "diamond": "2024-06-26 23:01:28 +0000"
    },
    "done": true
  },
  "swem:recipes/misc/western_leg_wraps/western_leg_wraps_magenta": {
    "criteria": {
      "has_western_leg_wraps": "2024-06-26 23:01:26 +0000"
    },
    "done": true
  },
  "swem:recipes/misc/english_leg_wraps/english_leg_wraps_green": {
    "criteria": {
      "has_english_leg_wraps": "2024-06-26 23:01:26 +0000"
    },
    "done": true
  },
  "swem:recipes/misc/tack_box_red": {
    "criteria": {
      "has_iron_ingot": "2024-06-26 22:48:46 +0000"
    },
    "done": true
  },
  "swem:recipes/misc/plate_iron": {
    "criteria": {
      "has_ingredient": "2024-06-26 22:48:46 +0000"
    },
    "done": true
  },
  "tombstone:adventure/root": {
    "criteria": {
      "auto": "2024-06-26 22:43:29 +0000"
    },
    "done": true
  },
  "minecraft:recipes/building_blocks/oak_wood": {
    "criteria": {
      "has_log": "2024-06-26 22:46:17 +0000"
    },
    "done": true
  },
  "regions_unexplored:parent": {
    "criteria": {
      "load_in_world": "2024-06-26 22:43:29 +0000"
    },
    "done": true
  },
  "minecraft:recipes/transportation/jungle_boat": {
    "criteria": {
      "in_water": "2024-06-26 22:47:03 +0000"
    },
    "done": true
  },
  "mcwwindows:recipes/jungle": {
    "criteria": {
      "has_the_recipe": "2024-06-26 22:46:17 +0000"
    },
    "done": true
  },
  "minecraft:recipes/redstone/heavy_weighted_pressure_plate": {
    "criteria": {
      "has_iron_ingot": "2024-06-26 22:48:46 +0000"
    },
    "done": true
  },
  "regions_unexplored:recipes/transportation/blackwood_boat": {
    "criteria": {
      "in_water": "2024-06-26 22:47:03 +0000"
    },
    "done": true
  },
  "minecraft:recipes/combat/iron_leggings": {
    "criteria": {
      "has_iron_ingot": "2024-06-26 22:48:46 +0000"
    },
    "done": true
  },
  "aquaculture:recipes/aquaculture/worm_farm": {
    "criteria": {
      "has_items": "2024-06-26 22:43:28 +0000"
    },
    "done": true
  },
  "minecraft:recipes/combat/leather_leggings": {
    "criteria": {
      "has_leather": "2024-06-26 23:20:20 +0000"
    },
    "done": true
  },
  "minecraft:story/obtain_armor": {
    "criteria": {
      "iron_chestplate": "2024-06-26 23:08:25 +0000"
    },
    "done": true
  },
  "minecraft:recipes/combat/diamond_leggings": {
    "criteria": {
      "has_diamond": "2024-06-26 23:01:28 +0000"
    },
    "done": true
  },
  "aquaculture:recipes/tools/iron_fishing_rod": {
    "criteria": {
      "has_vanilla_rod": "2024-06-26 22:43:28 +0000"
    },
    "done": true
  },
  "swem:recipes/misc/english_blanket/english_blanket_light_gray": {
    "criteria": {
      "has_english_blanket": "2024-06-26 23:01:26 +0000"
    },
    "done": true
  },
  "swem:recipes/misc/pasture_blanket/pasture_blanket_armored_brown": {
    "criteria": {
      "has_pasture_blanket_armored": "2024-06-26 23:01:26 +0000"
    },
    "done": true
  },
  "minecraft:recipes/misc/iron_nugget_from_smelting": {
    "criteria": {
      "has_iron_sword": "2024-06-26 22:48:46 +0000"
    },
    "done": true
  },
  "minecraft:recipes/misc/blue_dye": {
    "criteria": {
      "has_lapis_lazuli": "2024-06-26 22:48:45 +0000"
    },
    "done": true
  },
  "regions_unexplored:recipes/transportation/pine_boat": {
    "criteria": {
      "in_water": "2024-06-26 22:47:03 +0000"
    },
    "done": true
  },
  "swem:recipes/misc/english_blanket/english_blanket_cyan": {
    "criteria": {
      "has_english_blanket": "2024-06-26 23:01:26 +0000"
    },
    "done": true
  },
  "nova_structures:adventure/find_all_illager_structures": {
    "criteria": {
      "illager_camp": "2024-06-26 23:24:54 +0000"
    },
    "done": false
  },
  "exoticbirds:recipes/iron_birdcage": {
    "criteria": {
      "has_stick": "2024-06-26 22:48:19 +0000"
    },
    "done": true
  },
  "exoticbirds:recipes/birch_birdcage": {
    "criteria": {
      "has_stick": "2024-06-26 22:48:19 +0000"
    },
    "done": true
  },
  "exoticbirds:recipes/phoenix_egg_from_fire_phoenix": {
    "criteria": {
      "has_egg": "2024-06-26 22:43:28 +0000"
    },
    "done": true
  },
  "minecraft:recipes/building_blocks/bookshelf": {
    "criteria": {
      "has_book": "2024-06-26 22:50:03 +0000"
    },
    "done": true
  },
  "minecraft:story/iron_tools": {
    "criteria": {
      "iron_pickaxe": "2024-06-26 22:50:38 +0000"
    },
    "done": true
  },
  "minecraft:recipes/combat/iron_chestplate": {
    "criteria": {
      "has_iron_ingot": "2024-06-26 22:48:46 +0000"
    },
    "done": true
  },
  "swem:recipes/misc/tack_box_light_gray": {
    "criteria": {
      "has_iron_ingot": "2024-06-26 22:48:46 +0000"
    },
    "done": true
  },
  "regions_unexplored:recipes/transportation/eucalyptus_boat": {
    "criteria": {
      "in_water": "2024-06-26 22:47:03 +0000"
    },
    "done": true
  },
  "swem:recipes/misc/pasture_light_blue_horse": {
    "criteria": {
      "has_iron_ingot": "2024-06-26 22:48:46 +0000"
    },
    "done": true
  },
  "swem:recipes/misc/western_leg_wraps/western_leg_wraps_cyan_from_leg_wraps": {
    "criteria": {
      "has_western_leg_wraps": "2024-06-26 23:01:26 +0000"
    },
    "done": true
  },
  "swem:recipes/misc/english_blanket/english_blanket_lime_from_blanket": {
    "criteria": {
      "has_english_blanket": "2024-06-26 23:01:26 +0000"
    },
    "done": true
  },
  "mcwwindows:recipes/oak": {
    "criteria": {
      "has_wood": "2024-06-26 22:46:17 +0000"
    },
    "done": true
  },
  "swem:recipes/misc/english_blanket/english_blanket_white_from_blanket": {
    "criteria": {
      "has_english_blanket": "2024-06-26 23:01:26 +0000"
    },
    "done": true
  },
  "swem:recipes/misc/western_leg_wraps/western_leg_wraps_cyan": {
    "criteria": {
      "has_western_leg_wraps": "2024-06-26 23:01:26 +0000"
    },
    "done": true
  },
  "minecraft:recipes/misc/netherite_upgrade_smithing_template": {
    "criteria": {
      "has_netherite_upgrade_smithing_template": "2024-06-26 23:27:52 +0000"
    },
    "done": true
  },
  "aquaculture:recipes/aquaculture/note_hook": {
    "criteria": {
      "has_items": "2024-06-26 22:43:28 +0000"
    },
    "done": true
  },
  "swem:recipes/misc/western_leg_wraps/western_leg_wraps_magenta_from_leg_wraps": {
    "criteria": {
      "has_western_leg_wraps": "2024-06-26 23:01:26 +0000"
    },
    "done": true
  },
  "swem:recipes/misc/wheel_barrow_black": {
    "criteria": {
      "has_bucket": "2024-06-26 23:02:53 +0000"
    },
    "done": true
  },
  "swem:recipes/misc/western_leg_wraps/western_leg_wraps_light_blue": {
    "criteria": {
      "has_western_leg_wraps": "2024-06-26 23:01:26 +0000"
    },
    "done": true
  },
  "minecraft:recipes/misc/iron_nugget": {
    "criteria": {
      "has_iron_ingot": "2024-06-26 22:48:46 +0000"
    },
    "done": true
  },
  "aquaculture:recipes/food/cooked_fish_fillet_from_campfire": {
    "criteria": {
      "has_items": "2024-06-26 22:43:28 +0000"
    },
    "done": true
  },
  "swem:recipes/misc/tack_box_white": {
    "criteria": {
      "has_iron_ingot": "2024-06-26 22:48:46 +0000"
    },
    "done": true
  },
  "minecraft:recipes/misc/bucket": {
    "criteria": {
      "has_iron_ingot": "2024-06-26 22:48:46 +0000"
    },
    "done": true
  },
  "swem:recipes/misc/pasture_blanket/pasture_blanket_orange_armored_from_blanket": {
    "criteria": {
      "has_pasture_blanket_armored": "2024-06-26 23:01:26 +0000"
    },
    "done": true
  },
  "aquaculture:recipes/tools/diamond_fillet_knife": {
    "criteria": {
      "has_items": "2024-06-26 23:01:28 +0000"
    },
    "done": true
  },
  "swem:recipes/misc/english_leg_wraps/english_leg_wraps_light_gray": {
    "criteria": {
      "has_english_leg_wraps": "2024-06-26 23:01:26 +0000"
    },
    "done": true
  },
  "minecraft:recipes/transportation/minecart": {
    "criteria": {
      "has_iron_ingot": "2024-06-26 22:48:46 +0000"
    },
    "done": true
  },
  "minecraft:recipes/tools/iron_hoe": {
    "criteria": {
      "has_iron_ingot": "2024-06-26 22:48:46 +0000"
    },
    "done": true
  },
  "swem:recipes/misc/pasture_purple_care": {
    "criteria": {
      "has_iron_ingot": "2024-06-26 22:48:46 +0000"
    },
    "done": true
  },
  "minecraft:recipes/misc/gold_ingot_from_nuggets": {
    "criteria": {
      "has_gold_nugget": "2024-06-26 23:19:37 +0000"
    },
    "done": true
  },
  "swem:recipes/misc/pasture_red_horse": {
    "criteria": {
      "has_iron_ingot": "2024-06-26 22:48:46 +0000"
    },
    "done": true
  },
  "swem:recipes/misc/english_blanket/english_blanket_black_from_blanket": {
    "criteria": {
      "has_english_blanket": "2024-06-26 23:01:26 +0000"
    },
    "done": true
  },
  "swem:recipes/misc/pasture_fence_spruce": {
    "criteria": {
      "has_stick": "2024-06-26 22:48:19 +0000"
    },
    "done": true
  },
  "aquaculture:recipes/aquaculture/gold_hook": {
    "criteria": {
      "has_items": "2024-06-26 22:43:28 +0000"
    },
    "done": true
  },
  "exoticbirds:recipes/oak_birdcage": {
    "criteria": {
      "has_stick": "2024-06-26 22:48:19 +0000"
    },
    "done": true
  },
  "swem:recipes/misc/wheel_barrow_green": {
    "criteria": {
      "has_bucket": "2024-06-26 23:02:53 +0000"
    },
    "done": true
  },
  "minecraft:recipes/combat/golden_helmet": {
    "criteria": {
      "has_gold_ingot": "2024-06-26 22:48:47 +0000"
    },
    "done": true
  },
  "swem:recipes/misc/pasture_blanket/pasture_blanket_purple": {
    "criteria": {
      "has_pasture_blanket": "2024-06-26 23:01:26 +0000"
    },
    "done": true
  },
  "mcwwindows:recipes/blackstone": {
    "criteria": {
      "has_the_recipe": "2024-06-26 22:46:17 +0000"
    },
    "done": true
  },
  "aquaculture:recipes/decorations/oak_fish_mount": {
    "criteria": {
      "has_items": "2024-06-26 22:43:28 +0000"
    },
    "done": true
  },
  "swem:recipes/misc/pasture_orange_horse": {
    "criteria": {
      "has_iron_ingot": "2024-06-26 22:48:46 +0000"
    },
    "done": true
  },
  "mcwlights:recipes/lava_lamp": {
    "criteria": {
      "has_wood": "2024-06-26 22:48:46 +0000"
    },
    "done": true
  },
  "swem:recipes/misc/pasture_blanket/pasture_blanket_light_gray_armored_from_blanket": {
    "criteria": {
      "has_pasture_blanket_armored": "2024-06-26 23:01:26 +0000"
    },
    "done": true
  },
  "swem:recipes/misc/pasture_green_care": {
    "criteria": {
      "has_iron_ingot": "2024-06-26 22:48:46 +0000"
    },
    "done": true
  },
  "mcwtrpdoors:recipes/oak/oak_tropical_trapdoor": {
    "criteria": {
      "has_logs": "2024-06-26 22:46:17 +0000"
    },
    "done": true
  },
  "minecraft:story/smelt_iron": {
    "criteria": {
      "iron": "2024-06-26 22:48:46 +0000"
    },
    "done": true
  },
  "exoticbirds:recipes/mangrove_birdcage": {
    "criteria": {
      "has_stick": "2024-06-26 22:48:19 +0000"
    },
    "done": true
  },
  "swem:recipes/misc/pasture_yellow_care": {
    "criteria": {
      "has_iron_ingot": "2024-06-26 22:48:46 +0000"
    },
    "done": true
  },
  "swem:recipes/misc/pasture_blanket/pasture_blanket_brown_armored_from_blanket": {
    "criteria": {
      "has_pasture_blanket_armored": "2024-06-26 23:01:26 +0000"
    },
    "done": true
  },
  "swem:recipes/misc/english_blanket/english_blanket_yellow": {
    "criteria": {
      "has_english_blanket": "2024-06-26 23:01:26 +0000"
    },
    "done": true
  },
  "minecraft:recipes/building_blocks/emerald_block": {
    "criteria": {
      "has_emerald": "2024-06-26 22:48:25 +0000"
    },
    "done": true
  },
  "swem:recipes/misc/western_leg_wraps/western_leg_wraps_black": {
    "criteria": {
      "has_western_leg_wraps": "2024-06-26 23:01:26 +0000"
    },
    "done": true
  },
  "regions_unexplored:recipes/transportation/palm_boat": {
    "criteria": {
      "in_water": "2024-06-26 22:47:03 +0000"
    },
    "done": true
  },
  "swem:recipes/misc/western_fence_jungle": {
    "criteria": {
      "has_stick": "2024-06-26 22:48:19 +0000"
    },
    "done": true
  },
  "swem:recipes/misc/tack_box_pink": {
    "criteria": {
      "has_iron_ingot": "2024-06-26 22:48:46 +0000"
    },
    "done": true
  },
  "swem:recipes/misc/pasture_light_gray_care": {
    "criteria": {
      "has_iron_ingot": "2024-06-26 22:48:46 +0000"
    },
    "done": true
  },
  "biomesoplenty:recipes/transportation/fir_boat": {
    "criteria": {
      "in_water": "2024-06-26 22:47:03 +0000"
    },
    "done": true
  },
  "swem:recipes/misc/english_blanket/english_blanket_brown": {
    "criteria": {
      "has_english_blanket": "2024-06-26 23:01:26 +0000"
    },
    "done": true
  },
  "aquaculture:recipes/decorations/spruce_fish_mount": {
    "criteria": {
      "has_items": "2024-06-26 22:43:28 +0000"
    },
    "done": true
  },
  "exoticbirds:default/root": {
    "criteria": {
      "launch_mod": "2024-06-26 22:43:29 +0000"
    },
    "done": true
  },
  "swem:recipes/misc/english_leg_wraps/english_leg_wraps_red": {
    "criteria": {
      "has_english_leg_wraps": "2024-06-26 23:01:26 +0000"
    },
    "done": true
  },
  "swem:recipes/misc/western_leg_wraps/western_leg_wraps_blue": {
    "criteria": {
      "has_western_leg_wraps": "2024-06-26 23:01:26 +0000"
    },
    "done": true
  },
  "swem:recipes/misc/pasture_blanket/pasture_blanket_light_blue_armored_from_blanket": {
    "criteria": {
      "has_pasture_blanket_armored": "2024-06-26 23:01:26 +0000"
    },
    "done": true
  },
  "aquaculture:recipes/tools/iron_fillet_knife": {
    "criteria": {
      "has_items": "2024-06-26 22:48:46 +0000"
    },
    "done": true
  },
  "swem:recipes/misc/pasture_orange_care": {
    "criteria": {
      "has_iron_ingot": "2024-06-26 22:48:46 +0000"
    },
    "done": true
  },
  "minecraft:recipes/decorations/chain": {
    "criteria": {
      "has_iron_ingot": "2024-06-26 22:48:46 +0000"
    },
    "done": true
  },
  "regions_unexplored:recipes/transportation/socotra_boat": {
    "criteria": {
      "in_water": "2024-06-26 22:47:03 +0000"
    },
    "done": true
  },
  "exoticbirds:recipes/dark_oak_birdcage": {
    "criteria": {
      "has_stick": "2024-06-26 22:48:19 +0000"
    },
    "done": true
  },
  "minecraft:recipes/building_blocks/chiseled_bookshelf": {
    "criteria": {
      "has_book": "2024-06-26 22:50:03 +0000"
    },
    "done": true
  },
  "exoticbirds:recipes/acacia_birdcage": {
    "criteria": {
      "has_stick": "2024-06-26 22:48:19 +0000"
    },
    "done": true
  },
  "swem:recipes/misc/western_leg_wraps/western_leg_wraps_lime": {
    "criteria": {
      "has_western_leg_wraps": "2024-06-26 23:01:26 +0000"
    },
    "done": true
  },
  "swem:recipes/misc/pasture_blanket/pasture_blanket_magenta": {
    "criteria": {
      "has_pasture_blanket": "2024-06-26 23:01:26 +0000"
    },
    "done": true
  },
  "swem:recipes/misc/pasture_fence_oak": {
    "criteria": {
      "has_stick": "2024-06-26 22:48:19 +0000"
    },
    "done": true
  },
  "bossominium:loot_bosses_a": {
    "criteria": {
      "loot_bosses_a": "2024-06-26 22:43:29 +0000"
    },
    "done": true
  },
  "swem:recipes/misc/english_leg_wraps/english_leg_wraps_light_gray_from_leg_wraps": {
    "criteria": {
      "has_english_leg_wraps": "2024-06-26 23:01:26 +0000"
    },
    "done": true
  },
  "alexsmobs:alexsmobs/seagull_steal": {
    "criteria": {
      "ex": "2024-06-26 23:28:40 +0000"
    },
    "done": true
  },
  "mcwtrpdoors:recipes/metal/metal_trapdoor": {
    "criteria": {
      "has_logs": "2024-06-26 22:48:46 +0000"
    },
    "done": true
  },
  "exoticbirds:recipes/cherry_birdcage": {
    "criteria": {
      "has_stick": "2024-06-26 22:48:19 +0000"
    },
    "done": true
  },
  "swem:recipes/misc/tack_box_green": {
    "criteria": {
      "has_iron_ingot": "2024-06-26 22:48:46 +0000"
    },
    "done": true
  },
  "swem:recipes/misc/english_leg_wraps/english_leg_wraps_magenta": {
    "criteria": {
      "has_english_leg_wraps": "2024-06-26 23:01:26 +0000"
    },
    "done": true
  },
  "minecraft:recipes/decorations/smithing_table": {
    "criteria": {
      "has_iron_ingot": "2024-06-26 22:48:46 +0000"
    },
    "done": true
  },
  "minecraft:recipes/misc/sugar_from_honey_bottle": {
    "criteria": {
      "has_honey_bottle": "2024-06-26 23:20:08 +0000"
    },
    "done": true
  },
  "aquaculture:recipes/aquaculture/double_hook": {
    "criteria": {
      "has_items": "2024-06-26 22:43:28 +0000"
    },
    "done": true
  },
  "swem:recipes/misc/english_blanket/english_blanket_orange_from_blanket": {
    "criteria": {
      "has_english_blanket": "2024-06-26 23:01:26 +0000"
    },
    "done": true
  },
  "swem:recipes/misc/english_blanket/english_blanket_lime": {
    "criteria": {
      "has_english_blanket": "2024-06-26 23:01:26 +0000"
    },
    "done": true
  },
  "swem:recipes/misc/leather_treated": {
    "criteria": {
      "has_leather": "2024-06-26 23:20:20 +0000"
    },
    "done": true
  },
  "swem:recipes/misc/pasture_blanket/pasture_blanket_cyan_armored_from_blanket": {
    "criteria": {
      "has_pasture_blanket_armored": "2024-06-26 23:01:26 +0000"
    },
    "done": true
  },
  "minecraft:recipes/redstone/honey_block": {
    "criteria": {
      "has_honey_bottle": "2024-06-26 23:20:08 +0000"
    },
    "done": true
  },
  "swem:recipes/misc/pasture_fence_birch": {
    "criteria": {
      "has_stick": "2024-06-26 22:48:19 +0000"
    },
    "done": true
  },
  "minecraft:recipes/transportation/spruce_boat": {
    "criteria": {
      "in_water": "2024-06-26 22:47:03 +0000"
    },
    "done": true
  },
  "regions_unexplored:recipes/transportation/oak_boat": {
    "criteria": {
      "in_water": "2024-06-26 22:47:03 +0000"
    },
    "done": true
  },
  "swem:recipes/misc/english_blanket/english_blanket_blue": {
    "criteria": {
      "has_english_blanket": "2024-06-26 23:01:26 +0000"
    },
    "done": true
  },
  "swem:recipes/misc/english_leg_wraps/english_leg_wraps_pink_from_leg_wraps": {
    "criteria": {
      "has_english_leg_wraps": "2024-06-26 23:01:26 +0000"
    },
    "done": true
  },
  "tombstone:adventure/create_familiar_receptacle": {
    "criteria": {
      "has_familiar_receptacle": "2024-06-26 23:15:10 +0000"
    },
    "done": true
  },
  "mcwtrpdoors:recipes/print_classic": {
    "criteria": {
      "has_logs": "2024-06-26 22:46:17 +0000"
    },
    "done": true
  },
  "minecraft:husbandry/root": {
    "criteria": {
      "consumed_item": "2024-06-26 22:49:18 +0000"
    },
    "done": true
  },
  "minecraft:recipes/transportation/birch_boat": {
    "criteria": {
      "in_water": "2024-06-26 22:47:03 +0000"
    },
    "done": true
  },
  "swem:recipes/misc/western_fence_birch": {
    "criteria": {
      "has_stick": "2024-06-26 22:48:19 +0000"
    },
    "done": true
  },
  "regions_unexplored:recipes/transportation/dead_boat": {
    "criteria": {
      "in_water": "2024-06-26 22:47:03 +0000"
    },
    "done": true
  },
  "swem:recipes/misc/wheel_barrow_yellow": {
    "criteria": {
      "has_bucket": "2024-06-26 23:02:53 +0000"
    },
    "done": true
  },
  "swem:recipes/misc/pasture_blanket/pasture_blanket_brown": {
    "criteria": {
      "has_pasture_blanket": "2024-06-26 23:01:26 +0000"
    },
    "done": true
  },
  "aquaculture:recipes/aquaculture/fishing_line": {
    "criteria": {
      "has_items": "2024-06-26 22:43:28 +0000"
    },
    "done": true
  },
  "minecraft:recipes/transportation/oak_boat": {
    "criteria": {
      "in_water": "2024-06-26 22:47:03 +0000"
    },
    "done": true
  },
  "swem:recipes/misc/tack_box_black": {
    "criteria": {
      "has_iron_ingot": "2024-06-26 22:48:46 +0000"
    },
    "done": true
  },
  "aquaculture:recipes/misc/tin_can_to_iron_nugget_from_blasting": {
    "criteria": {
      "has_items": "2024-06-26 22:43:28 +0000"
    },
    "done": true
  },
  "biomesoplenty:recipes/transportation/redwood_boat": {
    "criteria": {
      "in_water": "2024-06-26 22:47:03 +0000"
    },
    "done": true
  },
  "swem:recipes/misc/pasture_blanket/pasture_blanket_green_armored_from_blanket": {
    "criteria": {
      "has_pasture_blanket_armored": "2024-06-26 23:01:26 +0000"
    },
    "done": true
  },
  "mcwtrpdoors:recipes/oak/oak_four_panel_trapdoor": {
    "criteria": {
      "has_logs": "2024-06-26 22:46:17 +0000"
    },
    "done": true
  },
  "minecraft:recipes/building_blocks/coal_block": {
    "criteria": {
      "has_coal": "2024-06-26 22:52:41 +0000"
    },
    "done": true
  },
  "cataclysm:root": {
    "criteria": {
      "custom_test_name": "2024-06-26 22:43:29 +0000"
    },
    "done": true
  },
  "swem:recipes/misc/western_leg_wraps/western_leg_wraps_pink_from_leg_wraps": {
    "criteria": {
      "has_western_leg_wraps": "2024-06-26 23:01:26 +0000"
    },
    "done": true
  },
  "swem:recipes/misc/pasture_fence_jungle": {
    "criteria": {
      "has_stick": "2024-06-26 22:48:19 +0000"
    },
    "done": true
  },
  "swem:recipes/misc/pasture_blanket/pasture_blanket_armored_gray": {
    "criteria": {
      "has_pasture_blanket_armored": "2024-06-26 23:01:26 +0000"
    },
    "done": true
  },
  "swem:recipes/misc/tack_box_light_blue": {
    "criteria": {
      "has_iron_ingot": "2024-06-26 22:48:46 +0000"
    },
    "done": true
  },
  "aquaculture:recipes/aquaculture/iron_hook": {
    "criteria": {
      "has_items": "2024-06-26 22:43:28 +0000"
    },
    "done": true
  },
  "exoticbirds:recipes/phoenix_egg_from_skeleton_phoenix": {
    "criteria": {
      "has_egg": "2024-06-26 22:43:28 +0000"
    },
    "done": true
  },
  "minecraft:recipes/combat/diamond_boots": {
    "criteria": {
      "has_diamond": "2024-06-26 23:01:28 +0000"
    },
    "done": true
  },
  "swem:recipes/misc/wheel_barrow_light_blue": {
    "criteria": {
      "has_bucket": "2024-06-26 23:02:53 +0000"
    },
    "done": true
  },
  "swem:recipes/misc/pasture_blanket/pasture_blanket_orange": {
    "criteria": {
      "has_pasture_blanket": "2024-06-26 23:01:26 +0000"
    },
    "done": true
  },
  "minecraft:recipes/combat/iron_sword": {
    "criteria": {
      "has_iron_ingot": "2024-06-26 22:48:46 +0000"
    },
    "done": true
  },
  "minecraft:recipes/tools/iron_pickaxe": {
    "criteria": {
      "has_iron_ingot": "2024-06-26 22:48:46 +0000"
    },
    "done": true
  },
  "minecraft:recipes/transportation/mangrove_boat": {
    "criteria": {
      "in_water": "2024-06-26 22:47:03 +0000"
    },
    "done": true
  },
  "swem:recipes/misc/english_leg_wraps/english_leg_wraps_green_from_leg_wraps": {
    "criteria": {
      "has_english_leg_wraps": "2024-06-26 23:01:26 +0000"
    },
    "done": true
  },
  "swem:recipes/misc/pasture_magenta_horse": {
    "criteria": {
      "has_iron_ingot": "2024-06-26 22:48:46 +0000"
    },
    "done": true
  },
  "swem:recipes/misc/pasture_blanket/pasture_blanket_armored_purple": {
    "criteria": {
      "has_pasture_blanket_armored": "2024-06-26 23:01:26 +0000"
    },
    "done": true
  },
  "nova_structures:root": {
    "criteria": {
      "nova_structures:adventure/find_tavern": "2024-06-26 22:58:09 +0000"
    },
    "done": true
  },
  "swem:recipes/misc/tack_box_brown": {
    "criteria": {
      "has_iron_ingot": "2024-06-26 22:48:46 +0000"
    },
    "done": true
  },
  "minecraft:recipes/combat/shield": {
    "criteria": {
      "has_iron_ingot": "2024-06-26 22:48:46 +0000"
    },
    "done": true
  },
  "swem:recipes/misc/pasture_gray_horse": {
    "criteria": {
      "has_iron_ingot": "2024-06-26 22:48:46 +0000"
    },
    "done": true
  },
  "swem:recipes/misc/pasture_red_care": {
    "criteria": {
      "has_iron_ingot": "2024-06-26 22:48:46 +0000"
    },
    "done": true
  },
  "minecraft:recipes/decorations/iron_bars": {
    "criteria": {
      "has_iron_ingot": "2024-06-26 22:48:46 +0000"
    },
    "done": true
  },
  "swem:recipes/misc/western_leg_wraps/western_leg_wraps_light_gray_from_leg_wraps": {
    "criteria": {
      "has_western_leg_wraps": "2024-06-26 23:01:26 +0000"
    },
    "done": true
  },
  "aquaculture:recipes/misc/jellyfish_to_slimeball": {
    "criteria": {
      "has_items": "2024-06-26 22:43:28 +0000"
    },
    "done": true
  },
  "swem:recipes/misc/western_leg_wraps/western_leg_wraps_orange_from_leg_wraps": {
    "criteria": {
      "has_western_leg_wraps": "2024-06-26 23:01:26 +0000"
    },
    "done": true
  },
  "swem:recipes/misc/pasture_blanket/pasture_blanket_armored_orange": {
    "criteria": {
      "has_pasture_blanket_armored": "2024-06-26 23:01:26 +0000"
    },
    "done": true
  },
  "swem:recipes/misc/pasture_black_care": {
    "criteria": {
      "has_iron_ingot": "2024-06-26 22:48:46 +0000"
    },
    "done": true
  },
  "mcwwindows:recipes/granite": {
    "criteria": {
      "has_the_recipe": "2024-06-26 22:46:17 +0000"
    },
    "done": true
  },
  "mcwwindows:recipes/andesite": {
    "criteria": {
      "has_the_recipe": "2024-06-26 22:46:17 +0000"
    },
    "done": true
  },
  "aquaculture:recipes/aquaculture/redstone_hook": {
    "criteria": {
      "has_items": "2024-06-26 22:43:28 +0000"
    },
    "done": true
  },
  "mcwbridges:recipes/oak_bridge_pier": {
    "criteria": {
      "has_planks": "2024-06-26 22:46:17 +0000"
    },
    "done": true
  },
  "exoticbirds:recipes/spruce_birdcage": {
    "criteria": {
      "has_stick": "2024-06-26 22:48:19 +0000"
    },
    "done": true
  },
  "regions_unexplored:recipes/transportation/mauve_boat": {
    "criteria": {
      "in_water": "2024-06-26 22:47:03 +0000"
    },
    "done": true
  },
  "mcwwindows:recipes/mangrove": {
    "criteria": {
      "has_the_recipe": "2024-06-26 22:46:17 +0000"
    },
    "done": true
  },
  "swem:recipes/misc/rivet_diamond": {
    "criteria": {
      "has_ingredient": "2024-06-26 23:01:28 +0000"
    },
    "done": true
  },
  "mcwtrpdoors:recipes/acacia/oak_bark_trapdoor": {
    "criteria": {
      "has_logs": "2024-06-26 22:46:17 +0000"
    },
    "done": true
  },
  "biomesoplenty:recipes/transportation/hellbark_boat": {
    "criteria": {
      "in_water": "2024-06-26 22:47:03 +0000"
    },
    "done": true
  },
  "astikorcarts:recipes/animal_cart": {
    "criteria": {
      "has_wheel": "2024-06-26 22:43:28 +0000"
    },
    "done": true
  },
  "regions_unexplored:recipes/transportation/redwood_boat": {
    "criteria": {
      "in_water": "2024-06-26 22:47:03 +0000"
    },
    "done": true
  },
  "minecraft:recipes/misc/iron_ingot_from_smelting_raw_iron": {
    "criteria": {
      "has_raw_iron": "2024-06-26 23:07:36 +0000"
    },
    "done": true
  },
  "aquaculture:recipes/misc/gold_nugget_from_blasting": {
    "criteria": {
      "has_fishing_rod": "2024-06-26 22:43:28 +0000",
      "has_fillet_knife": "2024-06-26 22:43:28 +0000"
    },
    "done": true
  },
  "swem:recipes/misc/pasture_blanket/pasture_blanket_armored_red": {
    "criteria": {
      "has_pasture_blanket_armored": "2024-06-26 23:01:26 +0000"
    },
    "done": true
  },
  "biomesoplenty:recipes/transportation/jacaranda_boat": {
    "criteria": {
      "in_water": "2024-06-26 22:47:03 +0000"
    },
    "done": true
  },
  "aquaculture:recipes/aquaculture/bobber": {
    "criteria": {
      "has_items": "2024-06-26 22:43:28 +0000"
    },
    "done": true
  },
  "mcwtrpdoors:recipes/oak/oak_barrel_trapdoor": {
    "criteria": {
      "has_logs": "2024-06-26 22:46:17 +0000"
    },
    "done": true
  },
  "tombstone:adventure/ambush": {
    "criteria": {
      "coded_trigger": "2024-06-26 23:19:54 +0000"
    },
    "done": true
  },
  "exoticbirds:recipes/phoenix_egg_from_water_phoenix": {
    "criteria": {
      "has_egg": "2024-06-26 22:43:28 +0000"
    },
    "done": true
  },
  "swem:recipes/misc/english_blanket/english_blanket_purple_from_blanket": {
    "criteria": {
      "has_english_blanket": "2024-06-26 23:01:26 +0000"
    },
    "done": true
  },
  "exoticbirds:recipes/ambrosia": {
    "criteria": {
      "has_honey": "2024-06-26 23:20:08 +0000"
    },
    "done": true
  },
  "biomesoplenty:recipes/transportation/mahogany_boat": {
    "criteria": {
      "in_water": "2024-06-26 22:47:03 +0000"
    },
    "done": true
  },
  "swem:recipes/misc/english_blanket/english_blanket_light_gray_from_blanket": {
    "criteria": {
      "has_english_blanket": "2024-06-26 23:01:26 +0000"
    },
    "done": true
  },
  "swem:recipes/misc/pasture_brown_horse": {
    "criteria": {
      "has_iron_ingot": "2024-06-26 22:48:46 +0000"
    },
    "done": true
  },
  "aquaculture:recipes/misc/gold_nugget_from_gold_fish": {
    "criteria": {
      "has_items": "2024-06-26 22:43:28 +0000"
    },
    "done": true
  },
  "swem:recipes/misc/pasture_blanket/pasture_blanket_black_armored_from_blanket": {
    "criteria": {
      "has_pasture_blanket_armored": "2024-06-26 23:01:26 +0000"
    },
    "done": true
  },
  "aquaculture:recipes/food/cooked_fish_fillet_from_smoking": {
    "criteria": {
      "has_items": "2024-06-26 22:43:28 +0000"
    },
    "done": true
  },
  "exoticbirds:recipes/egg_identifier": {
    "criteria": {
      "has_bucket": "2024-06-26 22:43:28 +0000"
    },
    "done": true
  },
  "swem:recipes/misc/plate_gold": {
    "criteria": {
      "has_ingredient": "2024-06-26 22:48:47 +0000"
    },
    "done": true
  },
  "dungeons_arise:find_bathhouse": {
    "criteria": {
      "location0": "2024-06-26 23:21:22 +0000"
    },
    "done": true
  },
  "swem:recipes/misc/english_blanket/english_blanket_light_blue_from_blanket": {
    "criteria": {
      "has_english_blanket": "2024-06-26 23:01:26 +0000"
    },
    "done": true
  },
  "nova_structures:adventure/tavern_quest": {
    "criteria": {
      "open_tavern_chest": "2024-06-26 22:58:17 +0000"
    },
    "done": true
  },
  "swem:recipes/misc/english_leg_wraps/english_leg_wraps_cyan": {
    "criteria": {
      "has_english_leg_wraps": "2024-06-26 23:01:26 +0000"
    },
    "done": true
  },
  "minecraft:recipes/tools/wooden_pickaxe": {
    "criteria": {
      "has_stick": "2024-06-26 22:48:19 +0000"
    },
    "done": true
  },
  "swem:recipes/misc/pasture_blanket/pasture_blanket_armored_magenta": {
    "criteria": {
      "has_pasture_blanket_armored": "2024-06-26 23:01:26 +0000"
    },
    "done": true
  },
  "aquaculture:recipes/tools/diamond_fishing_rod": {
    "criteria": {
      "has_vanilla_rod": "2024-06-26 22:43:28 +0000"
    },
    "done": true
  },
  "swem:recipes/misc/rivet_iron": {
    "criteria": {
      "has_ingredient": "2024-06-26 22:48:46 +0000"
    },
    "done": true
  },
  "handcrafted:recipes/misc/bench": {
    "criteria": {
      "has_bench": "2024-06-26 22:48:46 +0000"
    },
    "done": true
  },
  "swem:recipes/misc/wheel_barrow_red": {
    "criteria": {
      "has_bucket": "2024-06-26 23:02:53 +0000"
    },
    "done": true
  },
  "swem:recipes/misc/english_blanket/english_blanket_light_blue": {
    "criteria": {
      "has_english_blanket": "2024-06-26 23:01:26 +0000"
    },
    "done": true
  },
  "biomesoplenty:recipes/transportation/palm_boat": {
    "criteria": {
      "in_water": "2024-06-26 22:47:03 +0000"
    },
    "done": true
  },
  "aquaculture:recipes/food/cooked_fish_fillet": {
    "criteria": {
      "has_items": "2024-06-26 22:43:28 +0000"
    },
    "done": true
  },
  "exoticbirds:recipes/bamboo_birdcage": {
    "criteria": {
      "has_stick": "2024-06-26 22:48:19 +0000"
    },
    "done": true
  },
  "mcwtrpdoors:recipes/oak/oak_ranch_trapdoor": {
    "criteria": {
      "has_logs": "2024-06-26 22:46:17 +0000"
    },
    "done": true
  },
  "sophisticatedbackpacks:recipes/misc/upgrade_base": {
    "criteria": {
      "has_leather": "2024-06-26 23:20:20 +0000"
    },
    "done": true
  },
  "regions_unexplored:recipes/transportation/baobab_boat": {
    "criteria": {
      "in_water": "2024-06-26 22:47:03 +0000"
    },
    "done": true
  },
  "swem:recipes/misc/pasture_blanket/pasture_blanket_gray": {
    "criteria": {
      "has_pasture_blanket": "2024-06-26 23:01:26 +0000"
    },
    "done": true
  },
  "minecraft:recipes/transportation/carrot_on_a_stick": {
    "criteria": {
      "has_carrot": "2024-06-26 22:48:18 +0000"
    },
    "done": true
  },
  "swem:recipes/misc/wheel_barrow_purple": {
    "criteria": {
      "has_bucket": "2024-06-26 23:02:53 +0000"
    },
    "done": true
  },
  "swem:recipes/misc/pasture_blanket/pasture_blanket_armored_lime": {
    "criteria": {
      "has_pasture_blanket_armored": "2024-06-26 23:01:26 +0000"
    },
    "done": true
  },
  "swem:recipes/misc/english_blanket/english_blanket_green_from_blanket": {
    "criteria": {
      "has_english_blanket": "2024-06-26 23:01:26 +0000"
    },
    "done": true
  },
  "swem:recipes/misc/pasture_black_horse": {
    "criteria": {
      "has_iron_ingot": "2024-06-26 22:48:46 +0000"
    },
    "done": true
  },
  "swem:recipes/misc/western_leg_wraps/western_leg_wraps_lime_from_leg_wraps": {
    "criteria": {
      "has_western_leg_wraps": "2024-06-26 23:01:26 +0000"
    },
    "done": true
  },
  "swem:recipes/misc/english_leg_wraps/english_leg_wraps_blue": {
    "criteria": {
      "has_english_leg_wraps": "2024-06-26 23:01:26 +0000"
    },
    "done": true
  },
  "swem:recipes/misc/wheel_barrow_pink": {
    "criteria": {
      "has_bucket": "2024-06-26 23:02:53 +0000"
    },
    "done": true
  },
  "swem:recipes/misc/tack_box_gray": {
    "criteria": {
      "has_iron_ingot": "2024-06-26 22:48:46 +0000"
    },
    "done": true
  },
  "swem:recipes/misc/pasture_blanket/pasture_blanket_white_armored_from_blanket": {
    "criteria": {
      "has_pasture_blanket_armored": "2024-06-26 23:01:26 +0000"
    },
    "done": true
  },
  "wythers:world_explorer": {
    "criteria": {
      "wythers:subtropical_grassland": "2024-06-26 23:32:31 +0000"
    },
    "done": false
  },
  "mcwwindows:recipes/acacia": {
    "criteria": {
      "has_the_recipe": "2024-06-26 22:46:17 +0000"
    },
    "done": true
  },
  "swem:recipes/misc/horse_armor_cloth": {
    "criteria": {
      "has_any_carpet": "2024-06-26 23:01:26 +0000"
    },
    "done": true
  },
  "minecraft:recipes/food/cooked_cod_from_campfire_cooking": {
    "criteria": {
      "has_cod": "2024-06-26 22:59:55 +0000"
    },
    "done": true
  },
  "swem:recipes/misc/western_leg_wraps/western_leg_wraps_yellow": {
    "criteria": {
      "has_western_leg_wraps": "2024-06-26 23:01:26 +0000"
    },
    "done": true
  },
  "swem:recipes/misc/western_fence_whitewash": {
    "criteria": {
      "has_stick": "2024-06-26 22:48:19 +0000"
    },
    "done": true
  },
  "minecraft:recipes/tools/iron_axe": {
    "criteria": {
      "has_iron_ingot": "2024-06-26 22:48:46 +0000"
    },
    "done": true
  },
  "swem:recipes/misc/wheel_barrow_white": {
    "criteria": {
      "has_bucket": "2024-06-26 23:02:53 +0000"
    },
    "done": true
  },
  "swem:recipes/misc/pasture_blanket/pasture_blanket_armored_blue": {
    "criteria": {
      "has_pasture_blanket_armored": "2024-06-26 23:01:26 +0000"
    },
    "done": true
  },
  "swem:recipes/misc/english_leg_wraps/english_leg_wraps_brown": {
    "criteria": {
      "has_english_leg_wraps": "2024-06-26 23:01:26 +0000"
    },
    "done": true
  },
  "minecraft:recipes/misc/iron_nugget_from_blasting": {
    "criteria": {
      "has_iron_sword": "2024-06-26 22:48:46 +0000"
    },
    "done": true
  },
  "minecraft:adventure/kill_a_mob": {
    "criteria": {
      "minecraft:zombie": "2024-06-26 23:02:15 +0000"
    },
    "done": true
  },
  "minecraft:adventure/adventuring_time": {
    "criteria": {
      "minecraft:beach": "2024-06-26 22:43:52 +0000",
      "minecraft:river": "2024-06-26 22:47:02 +0000",
      "minecraft:forest": "2024-06-26 22:59:32 +0000",
      "minecraft:ocean": "2024-06-26 23:32:29 +0000",
      "minecraft:plains": "2024-06-26 22:43:29 +0000"
    },
    "done": false
  },
  "swem:recipes/misc/english_leg_wraps/english_leg_wraps_yellow": {
    "criteria": {
      "has_english_leg_wraps": "2024-06-26 23:01:26 +0000"
    },
    "done": true
  },
  "swem:recipes/misc/pasture_blanket/pasture_blanket_blue": {
    "criteria": {
      "has_pasture_blanket": "2024-06-26 23:01:26 +0000"
    },
    "done": true
  },
  "exoticbirds:recipes/phoenix_egg_from_snowy_phoenix": {
    "criteria": {
      "has_egg": "2024-06-26 22:43:28 +0000"
    },
    "done": true
  },
  "swem:recipes/misc/pasture_white_care": {
    "criteria": {
      "has_iron_ingot": "2024-06-26 22:48:46 +0000"
    },
    "done": true
  },
  "swem:recipes/misc/english_leg_wraps/english_leg_wraps_lime": {
    "criteria": {
      "has_english_leg_wraps": "2024-06-26 23:01:26 +0000"
    },
    "done": true
  },
  "swem:recipes/misc/pasture_blanket/pasture_blanket_blue_armored_from_blanket": {
    "criteria": {
      "has_pasture_blanket_armored": "2024-06-26 23:01:26 +0000"
    },
    "done": true
  },
  "swem:recipes/misc/pasture_yellow_horse": {
    "criteria": {
      "has_iron_ingot": "2024-06-26 22:48:46 +0000"
    },
    "done": true
  },
  "swem:recipes/misc/english_leg_wraps/english_leg_wraps_lime_from_leg_wraps": {
    "criteria": {
      "has_english_leg_wraps": "2024-06-26 23:01:26 +0000"
    },
    "done": true
  },
  "minecraft:recipes/misc/wheat": {
    "criteria": {
      "has_hay_block": "2024-06-26 22:52:11 +0000"
    },
    "done": true
  },
  "minecraft:recipes/food/rabbit_stew_from_red_mushroom": {
    "criteria": {
      "has_cooked_rabbit": "2024-06-26 22:59:33 +0000"
    },
    "done": true
  },
  "swem:recipes/misc/tack_box_yellow": {
    "criteria": {
      "has_iron_ingot": "2024-06-26 22:48:46 +0000"
    },
    "done": true
  },
  "minecraft:recipes/tools/golden_hoe": {
    "criteria": {
      "has_gold_ingot": "2024-06-26 22:48:47 +0000"
    },
    "done": true
  },
  "mcwdoors:recipes/oak": {
    "criteria": {
      "has_wood": "2024-06-26 22:46:17 +0000"
    },
    "done": true
  },
  "minecraft:husbandry/balanced_diet": {
    "criteria": {
      "honey_bottle": "2024-06-26 23:20:29 +0000",
      "cooked_mutton": "2024-06-26 23:06:44 +0000",
      "cooked_beef": "2024-06-26 23:02:51 +0000",
      "bread": "2024-06-26 22:49:18 +0000",
      "carrot": "2024-06-26 22:49:33 +0000"
    },
    "done": false
  },
  "aquaculture:recipes/misc/neptunium_ingot_from_nuggets": {
    "criteria": {
      "has_items": "2024-06-26 22:43:28 +0000"
    },
    "done": true
  },
  "minecraft:recipes/food/cooked_cod": {
    "criteria": {
      "has_cod": "2024-06-26 22:59:55 +0000"
    },
    "done": true
  },
  "mcwwindows:recipes/prismarine": {
    "criteria": {
      "has_the_recipe": "2024-06-26 22:46:17 +0000"
    },
    "done": true
  },
  "swem:recipes/misc/english_blanket/english_blanket_brown_from_blanket": {
    "criteria": {
      "has_english_blanket": "2024-06-26 23:01:26 +0000"
    },
    "done": true
  },
  "swem:recipes/misc/english_leg_wraps/english_leg_wraps_orange_from_leg_wraps": {
    "criteria": {
      "has_english_leg_wraps": "2024-06-26 23:01:26 +0000"
    },
    "done": true
  },
  "swem:recipes/misc/pasture_blanket/pasture_blanket_pink_armored_from_blanket": {
    "criteria": {
      "has_pasture_blanket_armored": "2024-06-26 23:01:26 +0000"
    },
    "done": true
  },
  "swem:recipes/misc/pasture_blanket/pasture_blanket_lime": {
    "criteria": {
      "has_pasture_blanket": "2024-06-26 23:01:26 +0000"
    },
    "done": true
  },
  "aquaculture:recipes/misc/iron_nugget_from_blasting": {
    "criteria": {
      "has_fishing_rod": "2024-06-26 22:43:28 +0000",
      "has_fillet_knife": "2024-06-26 22:43:28 +0000"
    },
    "done": true
  },
  "regions_unexplored:recipes/transportation/willow_boat": {
    "criteria": {
      "in_water": "2024-06-26 22:47:03 +0000"
    },
    "done": true
  },
  "swem:recipes/misc/pasture_light_blue_care": {
    "criteria": {
      "has_iron_ingot": "2024-06-26 22:48:46 +0000"
    },
    "done": true
  },
  "swem:recipes/misc/pasture_blanket/pasture_blanket_yellow_armored_from_blanket": {
    "criteria": {
      "has_pasture_blanket_armored": "2024-06-26 23:01:26 +0000"
    },
    "done": true
  },
  "biomesoplenty:recipes/food/rabbit_stew_from_toadstool": {
    "criteria": {
      "has_cooked_rabbit": "2024-06-26 22:59:33 +0000"
    },
    "done": true
  },
  "swem:recipes/misc/pasture_pink_horse": {
    "criteria": {
      "has_iron_ingot": "2024-06-26 22:48:46 +0000"
    },
    "done": true
  },
  "minecraft:recipes/tools/diamond_axe": {
    "criteria": {
      "has_diamond": "2024-06-26 23:01:28 +0000"
    },
    "done": true
  },
  "mcwbridges:recipes/pliers": {
    "criteria": {
      "has_planks": "2024-06-26 22:48:46 +0000"
    },
    "done": true
  },
  "swem:recipes/misc/western_fence_dark_oak": {
    "criteria": {
      "has_stick": "2024-06-26 22:48:19 +0000"
    },
    "done": true
  },
  "aquaculture:recipes/misc/tin_can_to_iron_nugget": {
    "criteria": {
      "has_items": "2024-06-26 22:43:28 +0000"
    },
    "done": true
  },
  "swem:recipes/misc/english_blanket/english_blanket_yellow_from_blanket": {
    "criteria": {
      "has_english_blanket": "2024-06-26 23:01:26 +0000"
    },
    "done": true
  },
  "swem:recipes/misc/pasture_fence_dark_oak": {
    "criteria": {
      "has_stick": "2024-06-26 22:48:19 +0000"
    },
    "done": true
  },
  "mcwlights:recipes/torches": {
    "criteria": {
      "has_wood": "2024-06-26 22:52:41 +0000"
    },
    "done": true
  },
  "minecraft:recipes/redstone/iron_door": {
    "criteria": {
      "has_iron_ingot": "2024-06-26 22:48:46 +0000"
    },
    "done": true
  },
  "regions_unexplored:recipes/transportation/joshua_boat": {
    "criteria": {
      "in_water": "2024-06-26 22:47:03 +0000"
    },
    "done": true
  },
  "swem:recipes/misc/pasture_blanket/pasture_blanket_armored_cyan": {
    "criteria": {
      "has_pasture_blanket_armored": "2024-06-26 23:01:26 +0000"
    },
    "done": true
  },
  "minecraft:recipes/transportation/dark_oak_boat": {
    "criteria": {
      "in_water": "2024-06-26 22:47:03 +0000"
    },
    "done": true
  },
  "aquaculture:recipes/decorations/jungle_fish_mount": {
    "criteria": {
      "has_items": "2024-06-26 22:43:28 +0000"
    },
    "done": true
  },
  "minecraft:recipes/combat/golden_leggings": {
    "criteria": {
      "has_gold_ingot": "2024-06-26 22:48:47 +0000"
    },
    "done": true
  },
  "swem:recipes/misc/english_leg_wraps/english_leg_wraps_white_from_leg_wraps": {
    "criteria": {
      "has_english_leg_wraps": "2024-06-26 23:01:26 +0000"
    },
    "done": true
  },
  "mcwlights:recipes/garden_light": {
    "criteria": {
      "has_wood": "2024-06-26 22:48:46 +0000"
    },
    "done": true
  },
  "DataVersion": 3465
}